Canonical SMILES,DILI_label
C[C@@](Cc1ccc(O)c(O)c1)(NN)C(=O)O,0
Nc1c2CCCCc2nc3ccccc13,1
CCOC(=O)[C@H](CCc1ccccc1)N[C@H]2CCCN3CCC[C@H](N3C2=O)C(=O)O,1
CN1C(=O)N(C)c2nc[nH]c2C1=O.CN3C(=O)N(C)c4nc[nH]c4C3=O.NCCN,0
NS(=O)(=O)c1cc2c(NC(Cc3ccccc3)NS2(=O)=O)cc1C(F)(F)F,1
CC[C@@]1(O)C(=O)OCC2=C1C=C3N(Cc4cc5c(CN(C)C)c(O)ccc5nc34)C2=O,0
COc1ccc2cc(CCC(=O)C)ccc2c1,0
NC1=NC(=O)N(C=N1)[C@H]2C[C@H](O)[C@@H](CO)O2,0
CCCCc1nc(Cl)c(CO)n1Cc2ccc(cc2)c3ccccc3c4nn[nH]n4,1
CCCCC(CC)COC(=O)CC(C(=O)OCC(CC)CCCC)S(=O)(=O)O,0
CCOC(=O)[C@H](CCc1ccccc1)N[C@H]2CCc3ccccc3N(CC(=O)O)C2=O,1
NS(=O)(=O)c1cc2c(NC(NS2(=O)=O)C3CC4CC3C=C4)cc1Cl,1
Clc1ccc(OCC(=O)N2CCN(Cc3ccc4OCOc4c3)CC2)cc1,1
[O-][N+](=O)c1oc(C=NN2CCOC2=O)cc1,1
CCC[C@@H]1C[C@H](N(C)C1)C(=O)N[C@H]([C@H](C)Cl)[C@H]2O[C@H](SC)[C@H](O)[C@@H](O)[C@H]2O,1
CO\N=C(/C(=O)N[C@H]1[C@H]2SCC(=C(N2C1=O)C(=O)O)COC(=O)N)\c3occc3,1
CCc1oc2ccccc2c1C(=O)c3cc(Br)c(O)c(Br)c3,1
CC(C)NCC(O)c1ccc(O)c(O)c1,0
CCCC(C)(COC(=O)N)COC(=O)N,0
COC1=CC=C2C(=CC1=O)C(CCc3cc(OC)c(OC)c(OC)c23)NC(=O)C,0
NC1=CC(=NC(=N)N1O)N2CCCCC2,0
Cc1onc(c2ccccc2)c1C(=O)N[C@H]3[C@H]4SC(C)(C)[C@@H](N4C3=O)C(=O)O,1
CC[C@H](C)C(=O)O[C@H]1C[C@@H](C)C=C2C=C[C@H](C)[C@H](CC[C@@H]3C[C@@H](O)CC(=O)O3)[C@@H]12,1
Oc1c(Cl)cc(Cl)c(Cl)c1Cc2c(O)c(Cl)cc(Cl)c2Cl,1
ClCCNC(=O)N(CCCl)N=O,0
NCCCNCCSP(=O)(O)O,0
CN1CCCN=C1\C=C\c2cccs2,0
CC(O)(P(=O)(O)O)P(=O)(O)O,0
OC(=O)C1=C\C(=N/Nc2ccc(cc2)S(=O)(=O)Nc3ccccn3)\C=CC1=O,1
CC(C)(CO)[C@@H](O)C(=O)NCCCO,0
CC(=O)c1ccc2Sc3ccccc3N(CCCN4CCC(CCO)CC4)c2c1,1
COc1cc(NS(=O)(=O)C)ccc1Nc2c3ccccc3nc4ccccc24,1
COc1c2OC(=O)C=Cc2cc3ccoc13,1
C[C@H]1C[C@H]2[C@@H]3CCC4=CC(=O)C=C[C@]4(C)[C@@]3(F)[C@@H](O)C[C@]2(C)[C@@]1(O)C(=O)CCl,1
C[C@@H]1CN(C[C@H](C)N1)c2c(F)c(N)c3C(=O)C(=CN(C4CC4)c3c2F)C(=O)O,1
[Br-].CC(C)[N+]1(C)[C@@H]2CC[C@H]1CC(C2)OC(=O)C(CO)c3ccccc3,0
FC(F)(F)COc1ccc(OCC(F)(F)F)c(c1)C(=O)NCC2CCCCN2,1
COc1ccc(cc1)[C@@H]2Sc3ccccc3N(CCN(C)C)C(=O)[C@@H]2OC(=O)C,1
OCc1cc(ccc1O)C(O)CNCCCCCCOCCCCc2ccccc2,0
NC(=NCCN1CCCCCCC1)N,0
C[C@H](CS)C(=O)N1CCC[C@H]1C(=O)O,1
Cc1cccc(CN2CCN(CC2)C(c3ccccc3)c4ccc(Cl)cc4)c1,0
C[C@H](CCCC(C)(C)O)[C@H]1CC[C@H]2\C(=C\C=C/3\C[C@@H](O)C[C@H](O)C3=C)\CCC[C@]12C,0
CC1CN(CCN1)c2cc3N(C=C(C(=O)O)C(=O)c3cc2F)c4ccc(F)cc4F,1
CNNCc1ccc(cc1)C(=O)NC(C)C,1
CC(=O)S[C@@H]1CC2=CC(=O)CC[C@]2(C)[C@H]3CC[C@@]4(C)[C@@H](CC[C@@]45CCC(=O)O5)[C@H]13,1
Cc1ccc(cc1)N(CC2=NCCN2)c3cccc(O)c3,0
COc1ccccc1OCC(O)CO,0
NNc1nncc2ccccc12,1
NCC1CCC(CC1)C(=O)O,0
COc1ccc(Cl)cc1C(=O)NCCc2ccc(cc2)S(=O)(=O)NC(=O)NC3CCCCC3,1
CN(CCCl)CCCl,0
S=C1N=CNc2nc[nH]c12,1
COC(=O)C1=C(C)NC(=C([C@@H]1c2cccc(c2)[N+](=O)[O-])C(=O)O[C@@H]3CCCN(Cc4ccccc4)C3)C,1
NC12CC3CC(CC(C3)C1)C2,0
COc1cc(Br)c(C[N+]2(CCOCCC3CCC4CC3C4(C)C)CCOCC2)cc1OC,1
CC(=O)Nc1ccc(O)cc1,1
C[C@@H]1[C@H](O)CC[C@@]2(C)[C@H]1CC[C@@]3(C)[C@H]2[C@H](O)C[C@H]4\C(=C(/CCC=C(C)C)\C(=O)O)\[C@H](C[C@]34C)OC(=O)C,1
CC(C)(C)c1cc(SC(C)(C)Sc2cc(c(O)c(c2)C(C)(C)C)C(C)(C)C)cc(c1O)C(C)(C)C,0
CCc1oc2ccccc2c1C(=O)c3cc(I)c(O)c(I)c3,1
COc1cccc2C(=O)c3c(O)c4C[C@](O)(C[C@H](O[C@H]5C[C@H](N)[C@H](O)[C@H](C)O5)c4c(O)c3C(=O)c12)C(=O)C,0
NCC[C@H](O)C(=O)N[C@@H]1C[C@H](N)[C@@H](O[C@H]2O[C@H](CN)CC[C@H]2N)[C@H](O)[C@H]1O[C@H]3O[C@H](CO)[C@@H](O)[C@H](N)[C@H]3O,1
CO\N=C(/C(=O)N[C@H]1[C@H]2SCC(=C(N2C1=O)C(=O)O)CSC3=NC(=O)C(=O)NN3C)\c4csc(N)n4,1
CCCC(CCC)C(=O)O,1
CCC1(C)CC(=O)NC1=O,0
OCC(S)CS,0
NC[C@@H]1O[C@H](O[C@H]2[C@@H](O)[C@H](O[C@@H]3[C@@H](O)[C@H](N)C[C@H](N)[C@H]3O[C@H]4O[C@H](CN)[C@@H](O)[C@H](O)[C@H]4N)O[C@@H]2CO)[C@H](N)[C@@H](O)[C@@H]1O,0
CC(=O)Nc1c(I)c(NC(=O)C)c(I)c(C(=O)O)c1I,0
NC1=C(F)C=NC(=O)N1,0
CCc1c2CN3C(=O)C4=C(C=C3c2nc5ccc(OC(=O)N6CCC(CC6)N7CCCCC7)cc15)[C@@](O)(CC)C(=O)OC4,1
CN(C)C(=N)N=C(N)N,1
C[N+](C)(C)C[C@H](O)CC(=O)[O-],0
NC1CC1c2ccccc2,1
CN[C@H]1[C@H](O)[C@@H](O)[C@H](CO)O[C@H]1O[C@H]2[C@H](O[C@H]3[C@H](O)[C@@H](O)[C@H](N=C(N)N)[C@@H](O)[C@@H]3N=C(N)N)O[C@@H](C)[C@]2(O)C=O,0
C[C@H](N)Cc1ccccc1,0
COc1cc(ccc1Cc2cn(C)c3ccc(NC(=O)OC4CCCC4)cc23)C(=O)NS(=O)(=O)c5ccccc5C,1
NNCCc1ccccc1,1
CC(=O)O[C@H]1C[C@@H]2CC[C@@H]3[C@H](CC[C@@]4(C)[C@H]3C[C@@H]([C@@H]4OC(=O)C)[N+]5(C)CCCCC5)[C@@]2(C)C[C@@H]1[N+]6(C)CCCCC6,0
OC(=O)c1ccccc1O,1
CN1C[C@@H](C[C@H]2[C@H]1Cc3c[nH]c4cccc2c34)C(=O)N[C@]5(C)O[C@@]6(O)[C@@H]7CCCN7C(=O)[C@H](Cc8ccccc8)N6C5=O,0
CC(=O)N[C@@H](CS)C(=O)O,0
CCCCC[C@](C)(O)\C=C\[C@H]1[C@@H](O)C[C@H](O)[C@@H]1C\C=C/CCCC(=O)[O-].[NH3+]C(CO)(CO)CO,0
CN[C@@H](C)[C@H](O)c1ccccc1,0
CN1C(=O)NC(=O)c2c1ncn2C,1
C1CN=C(NC(C2CC2)C3CC3)O1,1
NC1=NC(=O)N(C=C1)[C@@H]2CS[C@H](CO)O2,1
OC[C@@H](O)[C@@H](O)[C@H](O)[C@@H](O)CO,0
OCCNCCNc1ccc(NCCNCCO)c2C(=O)c3c(O)ccc(O)c3C(=O)c12,1
CN(C)N\N=C\1/N=CN=C1C(=O)N,1
Cc1onc(c1C(=O)N[C@H]2[C@H]3SC(C)(C)[C@@H](N3C2=O)C(=O)O)c4c(F)cccc4Cl,1
OC(=O)[C@H](S)[C@H](S)C(=O)O,1
Cc1onc(c2ccccc2Cl)c1C(=O)N[C@H]3[C@H]4SC(C)(C)[C@@H](N4C3=O)C(=O)O,1
CCOC(=O)[C@H](CCc1ccccc1)N[C@@H](C)C(=O)N2[C@H]3CCCC[C@@H]3C[C@H]2C(=O)O,1
CCCC1O[C@@H]2C[C@H]3[C@@H]4CCC5=CC(=O)C=C[C@]5(C)[C@H]4[C@@H](O)C[C@]3(C)[C@@]2(O1)C(=O)CO,0
Nc1ccc(cc1)C(=O)NCC(=O)O,0
CN1C(=O)N(C)c2ncn(C)c2C1=O,0
FC(F)(F)C(Cl)Br,1
C[C@]12CC[C@H]3[C@@H](CCc4cc(OC(=O)N(CCCl)CCCl)ccc34)[C@@H]1CC[C@@H]2O,1
Clc1ccc2N(C3CCN(CCCN4C(=O)Nc5ccccc45)CC3)C(=O)Nc2c1,1
COc1ccc(CCN(C)CCCC(C#N)(C(C)C)c2ccc(OC)c(OC)c2)cc1OC,1
O[N+](=O)[O-].Clc1ccc(CSC(Cn2ccnc2)c3ccc(Cl)cc3Cl)cc1,0
CN[C@@H](C)[C@@H](O)c1ccccc1,0
O=C(Nc1cccc2C(=O)C=C(Oc12)c3nn[nH]n3)c4ccc(OCCCCc5ccccc5)cc4,1
CNC[C@H](O)c1cccc(O)c1,1
CNC(C)C1CCC(N)C(OC2C(N)CC(N)C(OC3OCC(C)(O)C(NC)C3O)C2O)O1,0
CCN[C@@H]1C[C@H](N)[C@@H](O[C@H]2OC(=CC[C@H]2N)CN)[C@H](O)[C@H]1O[C@H]3OC[C@](C)(O)[C@H](NC)[C@H]3O,1
Fc1ccc(cc1)C(CCCN2CCC3(CC2)N(CNC3=O)c4ccccc4)c5ccc(F)cc5,1
CN(C)[C@H]1[C@@H]2[C@@H](O)[C@H]3C(=C(O)c4c(O)cccc4[C@@]3(C)O)C(=O)[C@]2(O)C(=C(C(=O)N)C1=O)O,0
NC1=NC(=O)C2=C(NCC(CNc3ccc(cc3)C(=O)N[C@@H](CCC(=O)O)C(=O)O)N2C=O)N1,0
CCOc1ccc(NC(=O)C)cc1,1
NC[C@H]1O[C@H](O[C@@H]2[C@@H](N)C[C@@H](N)[C@H](O[C@H]3O[C@H](CO)[C@@H](O)[C@H](N)[C@H]3O)[C@H]2O)[C@H](N)C[C@@H]1O,1
CCOC(=O)OC(C)OC(=O)[C@@H]1N2[C@H](SC1(C)C)[C@H](NC(=O)[C@H](N)c3ccccc3)C2=O,1
CN(C)[C@H]1[C@@H]2C[C@@H]3[C@H](O)c4c(Cl)ccc(O)c4C(=C3C(=O)[C@]2(O)C(=C(C(=O)N)C1=O)O)O,0
CC(=O)Oc1ccccc1C(=O)O,1
Cc1ccc(cc1)C(=O)Oc2ccc(cc2OC(=O)c3ccc(C)cc3)C(O)CNC(C)(C)C,0
CCCC1=CC(=O)NC(=S)N1,1
[Cl-].CC(=O)OCC[N+](C)(C)C,0
CC(N(O)C(=O)N)c1cc2ccccc2s1,1
NC(=NC(=O)c1nc(Cl)c(N)nc1N)N,1
CN(C)C(=O)Cc1c(nc2ccc(C)cn12)c3ccc(C)cc3,0
CCCSc1ccc2nc(NC(=O)OC)[nH]c2c1,1
CN1CCN2C(C1)c3ccccc3Cc4cccnc24,1
Cc1ncc(C[n+]2csc(CCO)c2C)c(N)n1,0
CC(C)NCC(O)COc1ccc(CC(=O)N)cc1,1
OC(Cn1cncn1)(Cn2cncn2)c3ccc(F)cc3F,1
CC1=CN([C@H]2C[C@H](N=[N+]=[N-])[C@@H](CO)O2)C(=O)NC1=O,1
OCC(CO)N[C@H]1C[C@](O)(CO)[C@@H](O)[C@H](O)[C@H]1O,1
COCCc1ccc(OCC(O)CNC(C)C)cc1,1
CC(Cc1ccc(O)cc1)NCC(O)c2cc(O)cc(O)c2,1
CN1[C@@H]2CC(C[C@H]1[C@@H]3O[C@H]23)OC(=O)[C@H](CO)c4ccccc4,0
CC(C(=O)O)c1ccc2oc(nc2c1)c3ccc(Cl)cc3,1
CC(CCc1ccc(O)cc1)NCCc2ccc(O)c(O)c2,0
C[C@H](COc1ccccc1)N[C@H](C)[C@@H](O)c2ccc(O)cc2,0
CN1C(=O)CC(=O)N(c2ccccc2)c3cc(Cl)ccc13,1
CC(=O)CC(C1=C(O)c2ccccc2OC1=O)c3ccccc3,1
C\C(=C\C(=O)O)\C=C\C=C(/C)\C=C\C1=C(C)CCCC1(C)C,1
CCCCC1C(=O)N(N(C1=O)c2ccccc2)c3ccccc3,1
CNCCC=C1c2ccccc2CCc3ccccc13,1
CC(=O)OCC(CCn1cnc2cnc(N)nc12)COC(=O)C,0
Nc1nnc(c(N)n1)c2cccc(Cl)c2Cl,1
OC1N=C(c2ccccc2Cl)c3cc(Cl)ccc3NC1=O,0
Cc1ccc(cc1)C(=O)c2ccc(CC(=O)O)n2C,1
CN(C)CC[C@@H](c1ccc(Br)cc1)c2ccccn2,0
NC[C@@H]1O[C@H](O[C@H]2[C@@H](O)[C@H](O[C@@H]3[C@@H](O)[C@H](N)C[C@H](N)[C@H]3O[C@H]4O[C@H](CO)[C@@H](O)[C@H](O)[C@H]4N)O[C@@H]2CO)[C@H](N)[C@@H](O)[C@@H]1O,0
CN(C)CCCN1c2ccccc2Sc3ccc(Cl)cc13,1
CC(C)NCC(O)COc1cccc2ccccc12,0
Oc1ccc(cc1)C2(C(=O)Nc3ccccc23)c4ccc(O)cc4,1
COc1cc(NC(C)CCCN)c2ncccc2c1,0
CC(=O)[C@H]1CC[C@H]2[C@@H]3CCC4=CC(=O)CC[C@]4(C)[C@H]3CC[C@]12C,1
CN1C(=O)CN=C(c2ccccc2F)c3cc(ccc13)[N+](=O)[O-],1
ClCCN(CCCl)P1(=O)NCCCO1,1
NC1=NC(=O)N(C=C1)[C@@H]2O[C@H](CO)[C@@H](O)C2(F)F,1
OC(CCN1CCCCC1)(C2CC3CC2C=C3)c4ccccc4,0
CNCCC(Oc1ccc(cc1)C(F)(F)F)c2ccccc2,1
COC(=O)[C@@H](N1CCc2sccc2C1)c3ccccc3Cl,1
CN=C1CN(O)C(=C2C=C(Cl)C=CC2=N1)c3ccccc3,1
C[C@]12CC[C@H]3[C@@H](CCC4=CC(=O)CC[C@H]34)[C@@H]1CC[C@@]2(O)C#C,1
CN1C2CCC1CC(C2)OC(=O)C(O)c3ccccc3,0
Cn1cnc(c1Sc2ncnc3nc[nH]c23)[N+](=O)[O-],1
C[C@]12CC[C@H]3[C@@H](CCC4=CC(=O)CC[C@]34C)[C@@H]1CC[C@@H]2O,1
COc1ccc(cc1)C(CN(C)C)C2(O)CCCCC2,1
Cc1ccc(cc1)\C(=C/CN2CCCC2)\c3ccccn3,0
OC1N=C(c2ccccc2)c3cc(Cl)ccc3NC1=O,0
Nc1nc(Cl)nc2c1ncn2[C@H]3C[C@H](O)[C@@H](CO)O3,0
C[C@H]1[C@H]2Cc3ccc(O)cc3[C@]1(C)CCN2CC=C(C)C,0
CN1CC[C@]23[C@H]4Oc5c(O)ccc(C[C@@H]1[C@@H]2C=C[C@@H]4O)c35,0
CC(C)c1cc(OC(=O)C)c(C)cc1OCCN(C)C,1
Nc1nc(F)nc2c1ncn2[C@@H]3O[C@H](CO)[C@@H](O)[C@@H]3O,0
OC1(N2CCN=C2c3ccccc13)c4ccc(Cl)cc4,1
OC(=O)COc1nn(Cc2ccccc2)c3ccccc13,1
NCCNCCNCCNCCN.ClCC1CO1,0
CN(C)CC\C=C/1\c2ccccc2COc3ccccc13,1
CCCCN1CCCCC1C(=O)Nc2c(C)cccc2C,1
COc1ccc2C[C@@H]3[C@@H]4C=C[C@H](O)[C@@H]5Oc1c2[C@]45CCN3C,0
CN1C(=O)CN=C(C2=CCCCC2)c3cc(Cl)ccc13,1
CN1[C@@H]2CC[C@H]1CC(C2)OC(=O)C(CO)c3ccccc3,0
Cl.CN(C)CCN(Cc1cccs1)c2ccccn2,1
CCCCNC(=O)NS(=O)(=O)c1ccc(C)cc1,0
CN(C)CCOC(C)(c1ccccc1)c2ccccn2,0
C[C@]12CC[C@H]3[C@@H](CCc4cc(O)ccc34)[C@@H]1CC[C@@]2(O)C#C,1
CNS(=O)(=O)Cc1ccc2[nH]cc(CCN(C)C)c2c1,0
COC(=O)CCc1ccc(OCC(O)CNC(C)C)cc1,0
CC(C)NCC(O)c1ccc(NS(=O)(=O)C)cc1,0
COC(=O)Nc1nc2ccc(cc2[nH]1)C(=O)c3ccccc3,1
CC(C)(C#N)c1cc(Cn2cncn2)cc(c1)C(C)(C)C#N,1
Cc1nccn1CC2CCc3c(C2=O)c4ccccc4n3C,1
CN1C(c2ccc(Cl)cc2)S(=O)(=O)CCC1=O,1
CC(C)(C)NC[C@H](O)COc1ccccc1C2CCCC2,0
ClC1C(Cl)C(Cl)C(Cl)C(Cl)C1Cl,0
C[C@]12CC[C@H]3[C@@H](CCC4=CC(=O)CC[C@H]34)[C@@H]1CC[C@@H]2O,1
COc1cc(Cc2cnc(N)nc2N)cc(OC)c1OC,1
CC(C)(Oc1ccc(cc1)C2CC2(Cl)Cl)C(=O)O,1
C(C1CN2CCC1CC2)N3c4ccccc4Sc5ccccc35,1
COc1ccc2nccc([C@@H](O)[C@@H]3C[C@@H]4CCN3C[C@@H]4C=C)c2c1,1
COc1ccc2nccc([C@H](O)[C@H]3C[C@@H]4CCN3C[C@@H]4C=C)c2c1,1
CC\C(=C(/c1ccccc1)\c2ccc(OCCN(C)C)cc2)\c3ccccc3,1
OC(=O)C(CC1=CC(=O)Nc2ccccc12)NC(=O)c3ccc(Cl)cc3,1
CSc1ccc2Sc3ccccc3N(CCC4CCCCN4C)c2c1,1
CCN1CCCC1CNC(=O)c2cc(c(N)cc2OC)S(=O)(=O)CC,1
Cc1c(OCC(F)(F)F)ccnc1CS(=O)c2nc3ccccc3[nH]2,1
CC(=O)Oc1cccc2C(=O)c3cc(cc(OC(=O)C)c3C(=O)c12)C(=O)O,1
OC1=C(C2CCC(CC2)c3ccc(Cl)cc3)C(=O)C(=O)c4ccccc14,0
CC1(C)S[C@@H]2[C@H](NC(=O)[C@H](N)c3ccc(O)cc3)C(=O)N2[C@H]1C(=O)O,1
NC(=O)[C@@H]1CCCN1C(=O)[C@H](Cc2cnc[nH]2)NC(=O)[C@@H]3CCC(=O)N3,0
CC(C)(Oc1ccc(CCNC(=O)c2ccc(Cl)cc2)cc1)C(=O)O,0
CC1COc2c(N3CCN(C)CC3)c(F)cc4C(=O)C(=CN1c24)C(=O)O,1
CC(C)OC(=O)C(C)(C)Oc1ccc(cc1)C(=O)c2ccc(Cl)cc2,1
NC(=O)c1ncn(n1)[C@@H]2O[C@H](CO)[C@@H](O)[C@H]2O,0
COc1ccc2c(C(=O)c3ccc(Cl)cc3)c(C)n(CC(=O)O)c2c1,1
CCOC(=O)c1cncn1[C@H](C)c2ccccc2,0
CCCCCCC(C)(C)c1cc(O)c2[C@@H]3CC(=O)CC[C@H]3C(C)(C)Oc2c1,0
OP(=O)(O)C(Cl)(Cl)P(=O)(O)O,1
OCC(O)COC(=O)c1ccccc1Nc2ccnc3cc(Cl)ccc23,1
C[C@@H](Cc1ccccc1)N(C)Cc2ccccc2,0
OP(=O)(O)OC(Cn1cncn1)(Cn2cncn2)c3ccc(F)cc3F,1
CCCCCCCN(CC)CCCC(O)c1ccc(NS(=O)(=O)C)cc1,0
COC(=O)C(C1CCCCN1)c2ccccc2,1
ClCCN(N=O)C(=O)NC1CCCCC1,1
C[C@@H](O)[C@@H]1[C@H]2[C@@H](C)C(=C(N2C1=O)C(=O)O)S[C@@H]3CN[C@@H](C3)C(=O)N(C)C,1
Nc1nc2ccc(OC(F)(F)F)cc2s1,1
CO\N=C(/C(=O)N[C@H]1[C@H]2SCC=C(N2C1=O)C(=O)O)\c3csc(N)n3,0
CCN(CC)CCNC(=O)c1ccc(N)cc1,1
[O-][N+](=O)O[C@H]1CO[C@@H]2[C@@H](CO[C@H]12)O[N+](=O)[O-],0
NS(=O)(=O)c1cc2c(NC(NS2(=O)=O)C(Cl)Cl)cc1Cl,1
COc1cccc(OC)c1C(=O)N[C@H]2[C@H]3SC(C)(C)[C@@H](N3C2=O)C(=O)O,1
CCN(CC)C(=O)Nc1ccc(OCC(O)CNC(C)(C)C)c(c1)C(=O)C,1
CC1(C)S[C@@H]2[C@H](NC(=O)C(C(=O)O)c3ccccc3)C(=O)N2[C@H]1C(=O)O,1
CN1N=C(SC1=NC(=O)C)S(=O)(=O)N,1
CCOC(=O)[C@H](CCc1ccccc1)N[C@@H](C)C(=O)N2CCC[C@H]2C(=O)O,1
CC(NC(C)(C)C)C(=O)c1cccc(Cl)c1,1
CCN(CC)CCNc1ccc(CO)c2Sc3ccccc3C(=O)c12,1
CC1=C(CC(=O)O)c2cc(F)ccc2/C/1=C\c3ccc(cc3)S(=O)C,1
BrCCC(=O)N1CCN(CC1)C(=O)CCBr,1
CC1(C)S[C@@H]2[C@H](NC(=O)Cc3ccccc3)C(=O)N2[C@H]1C(=O)O,1
OC(=O)c1cc(nc2ccccc12)c3ccccc3,1
C[C@]1(O)CC[C@H]2[C@@H]3CC[C@H]4CC(=O)\C(=C/O)\C[C@]4(C)[C@H]3CC[C@]12C,1
NS(=O)(=O)c1cc(C(=O)O)c(NCc2occc2)cc1Cl,0
Nc1ccc(cc1)S(=O)(=O)Nc2ncccn2,1
ClCCN(CCCl)C1=CNC(=O)NC1=O,1
COc1ccc2Sc3ccccc3N(C[C@H](C)CN(C)C)c2c1,1
CN1CCN(CC1)C2=Nc3ccccc3Oc4ccc(Cl)cc24,0
Oc1ccc2C[C@@H]3N(CC4CCC4)CC[C@]5(CCCC[C@@]35O)c2c1,0
Oc1ccc2C[C@H]3N(CC=C)CC[C@@]45[C@@H](Oc1c24)C(=O)CC[C@@]35O,0
COc1ccc(\C=C\C(=O)Nc2ccccc2C(=O)O)cc1OC,1
CN1CCN(CC1)C2=C3C=CC=CC3=Nc4ccc(Cl)cc4N2,1
Nc1ccc(cc1)S(=O)(=O)Nc2nccs2,1
CC(C)NCC(O)COc1ccc(COCCOC(C)C)cc1,0
C[C@@H](CO)NC(=O)[C@H]1CN(C)[C@@H]2Cc3c[nH]c4cccc(C2=C1)c34,0
CN1C(=O)C(O)N=C(c2ccccc2Cl)c3cc(Cl)ccc13,1
CN1C(=C(O)c2ccccc2S1(=O)=O)C(=O)Nc3cc(C)on3,0
CCC(=O)N(C1CCN(CCc2ccccc2)CC1)c3ccccc3,0
CCCCCCCCNC(C)C(O)c1ccc(SC(C)C)cc1,1
Oc1c(Cl)cc(Cl)cc1Sc2cc(Cl)cc(Cl)c2O,1
CCOC(=O)C1(CCN(CCc2ccc(N)cc2)CC1)c3ccccc3,0
CC1(C)S[C@@H]2[C@H](NC(=O)COc3ccccc3)C(=O)N2[C@H]1C(=O)O,0
CC(N=C(NC#N)Nc1ccncc1)C(C)(C)C,0
CC1(C)S[C@@H]2[C@H](NC(=O)[C@H](N)c3ccccc3)C(=O)N2[C@H]1C(=O)O,1
CS(=O)(=O)OCCCCOS(=O)(=O)C,1
CC[N+](C)(CC)CCOC(=O)C(O)(C1CCCCC1)c2ccccc2,0
CCN(CC)CCN1C(=O)CN=C(c2ccccc2F)c3cc(Cl)ccc13,1
CCOC(=O)C1(CCN(C)CC1)c2ccccc2,0
CCCNCC(O)COc1ccccc1C(=O)CCc2ccccc2,1
Oc1ccc2C[C@H]3N(CC4CC4)CC[C@@]56[C@@H](Oc1c25)C(=O)CC[C@@]36O,0
C[N+]1(C)CCCC(C1)OC(=O)C(O)(c2ccccc2)c3ccccc3,0
CCC(=O)O[C@@](Cc1ccccc1)([C@H](C)CN(C)C)c2ccccc2,1
COc1ccc(Cc2nccc3cc(OC)c(OC)cc23)cc1OC,1
CCc1nc(N)nc(N)c1c2ccc(Cl)cc2,1
NS(=O)(=O)c1cc(ccc1Cl)C2(O)NC(=O)c3ccccc23,0
CCCCCCCC\C=C/CCCCCCCC(=O)O.NCCO,0
CC(=O)O[C@H]1C(=O)[C@]2(C)[C@@H](O)C[C@H]3OC[C@@]3(OC(=O)C)[C@H]2[C@H](OC(=O)c4ccccc4)[C@]5(O)C[C@H](OC(=O)[C@H](O)[C@@H](NC(=O)c6ccccc6)c7ccccc7)C(=C1C5(C)C)C,1
NC(=O)NO,1
N[C@@H](Cc1cc(I)c(Oc2ccc(O)c(I)c2)c(I)c1)C(=O)O,0
CC(=O)Oc1ccc(cc1)C(c2ccc(OC(=O)C)cc2)c3ccccn3,0
CCOC(=O)C1=C(C)NC(=C(C1c2cccc(c2)[N+](=O)[O-])C(=O)OC)C,1
COc1ccc2c(c1)c(CC(=O)O)c(C)n2C(=O)c3ccc(Cl)cc3,1
CCN(CC)CC#CCOC(=O)C(O)(C1CCCCC1)c2ccccc2,0
COc1ccc2c(cccc2c1C(F)(F)F)C(=S)N(C)CC(=O)O,1
CCOC(=O)C=C(C)C=CC=C(C)C=Cc1c(C)cc(OC)c(C)c1C,1
OC[C@H]1O[C@H](C[C@@H]1O)N2C=C(I)C(=O)NC2=O,1
CCC(CO)NC(=O)[C@H]1CN(C)[C@@H]2Cc3cn(C)c4cccc(C2=C1)c34,0
CC(=O)CC(C1=C(O)c2ccccc2OC1=O)c3ccc(cc3)[N+](=O)[O-],1
OP(=O)(O)OCN1C(=O)NC(C1=O)(c2ccccc2)c3ccccc3,1
COC1=CC(=O)C[C@@H](C)[C@]12Oc3c(Cl)c(OC)cc(OC)c3C2=O,1
CC1=C(N2[C@H](SC1)[C@H](NC(=O)[C@H](N)C3=CCC=CC3)C2=O)C(=O)O,0
CC1=C(N2[C@H](SC1)[C@H](NC(=O)[C@H](N)c3ccccc3)C2=O)C(=O)O,1
NC(=Nc1ccc(cc1)C(=O)Oc2ccc3cc(ccc3c2)C(=N)N)N,1
COc1ccc2nc([nH]c2c1)S(=O)Cc3ncc(C)c(OC)c3C,1
Clc1ccccc1C(c2ccccc2)(c3ccccc3)n4ccnc4,1
CN1CCC[C@@H]1CCO[C@](C)(c2ccccc2)c3ccc(Cl)cc3,0
CCc1cc2C(=NCc3nnc(C)n3c2s1)c4ccccc4Cl,1
CC(=O)O[C@]1(CC[C@H]2[C@@H]3CCC4=CC(=O)CC[C@@H]4[C@H]3CC[C@]12C)C#C,0
NC(=N)c1ccc(OCCCCCOc2ccc(cc2)C(=N)N)cc1,1
N[C@@H](C(=O)N[C@H]1[C@H]2CCC(=C(N2C1=O)C(=O)O)Cl)c3ccccc3,1
CC(C)N(CCC(C(=O)N)(c1ccccc1)c2ccccn2)C(C)C,1
O.O=C1O[Bi]Oc2ccccc12,0
CC1Cc2ccccc2N1NC(=O)c3ccc(Cl)c(c3)S(=O)(=O)N,0
CC1(C)S[C@@H]2[C@H](NC(=O)[C@H](C(=O)O)c3ccsc3)C(=O)N2[C@H]1C(=O)O,0
CCOC(=O)C1=C(C)NC(=C(C1c2cccc(Cl)c2Cl)C(=O)OC)C,1
COc1cc2nc(nc(N)c2cc1OC)N3CCN(CC3)C(=O)c4occc4,0
CCOC(=O)N1CCC(=C2c3ccc(Cl)cc3CCc4cccnc24)CC1,0
Clc1ccc(COC(Cn2ccnc2)c3ccc(Cl)cc3Cl)cc1,0
C[C@]12C[C@H](O)[C@@]3(F)[C@@H](CCC4=CC(=O)CC[C@]34C)[C@@H]1CC[C@]2(O)C(=O)CO,0
Fc1ccc(cc1)C(=O)CCCN2CCC(=CC2)N3C(=O)Nc4ccccc34,0
CCN1CC(CCN2CCOCC2)C(C1=O)(c3ccccc3)c4ccccc4,0
OC(C1CCCCN1)c2cc(nc3c(cccc23)C(F)(F)F)C(F)(F)F,1
CC1=C(N2[C@H](SC1)[C@H](NC(=O)[C@H](N)c3ccc(O)cc3)C2=O)C(=O)O,1
Nc1c(Br)cc(Br)cc1CNC2CCC(O)CC2,1
OC1(CCN(CCCC(=O)c2ccc(F)cc2)CC1)c3ccc(Cl)cc3,1
CC(=O)[C@@]1(O)CC[C@H]2[C@@H]3C=C(Cl)C4=CC(=O)[C@@H]5C[C@@H]5[C@]4(C)[C@H]3CC[C@]12C,1
C[C@H]1C[C@H]2[C@@H]3CC[C@](O)(C(=O)CO)[C@@]3(C)C[C@H](O)[C@@H]2[C@@]4(C)C=CC(=O)C=C14,1
CN1CCN(CCCN2c3ccccc3Sc4ccc(Cl)cc24)CC1,1
[Cl-].OC(=O)CCCCCC[NH2+]C1c2ccccc2CCc3ccccc13,1
CC(C)(C)NC(=O)[C@H]1CC[C@H]2[C@@H]3CC[C@H]4NC(=O)C=C[C@]4(C)[C@H]3CC[C@]12C,1
CC(C)[N+](C)(CCOC(=O)C1c2ccccc2Oc3ccccc13)C(C)C,0
CC(C)COCC(CN(Cc1ccccc1)c2ccccc2)N3CCCC3,1
CC1Nc2cc(Cl)c(cc2C(=O)N1c3ccccc3C)S(=O)(=O)N,0
Cc1cc2N=C3C(=O)NC(=O)N=C3N(C[C@H](O)[C@H](O)[C@H](O)CO)c2cc1C,0
CC[C@@H](CO)NC(=O)[C@H]1CN(C)[C@@H]2Cc3c[nH]c4cccc(C2=C1)c34,0
CN1C(=C(O)c2sccc2S1(=O)=O)C(=O)Nc3ccccn3,1
OC1=C(CC2=C(O)c3ccccc3OC2=O)C(=O)Oc4ccccc14,1
CCC12CCC3C(CCC4=CC(=O)CCC34)C1CCC2(O)C#C,1
CC[C@]12CC[C@H]3[C@@H](CCC4=CC(=O)CC[C@H]34)[C@@H]1CC[C@@]2(O)C#C,0
CN1[C@@H]2CCC[C@H]1CC(C2)NC(=O)c3nn(C)c4ccccc34,0
CC[C@]12CC(=C)[C@H]3[C@@H](CCC4=CCCC[C@H]34)[C@@H]1CC[C@@]2(O)C#C,1
CCN(CC)CCOC(=O)C1(CCCCC1)C2CCCCC2,0
CCC(=O)C(CC(C)N(C)C)(c1ccccc1)c2ccccc2,0
CN1CCC(=C2c3ccccc3CC(=O)c4sccc24)CC1,0
CC(C)(C)NCC(O)COc1cccc2C[C@@H](O)[C@@H](O)Cc12,0
CS(=O)(=O)Nc1ccc(cc1Oc2ccccc2)[N+](=O)[O-],1
C[C@@H]1CC2=C(CCC(=O)C2)[C@H]3CC[C@@]4(C)[C@@H](CC[C@@]4(O)C#C)[C@H]13,1
OCC(=O)NCCCOc1cccc(CN2CCCCC2)c1,1
COc1cc(CNC(=O)CCCC\C=C\C(C)C)ccc1O,0
N[C@@H](Cc1ccc(cc1)N(CCCl)CCCl)C(=O)O,1
OC(=O)CCCc1ccc(cc1)N(CCCl)CCCl,1
CC(COc1ccccc1)N(CCCl)Cc2ccccc2,0
COC(=O)[C@H]1[C@H](C[C@@H]2CC[C@H]1N2C)OC(=O)c3ccccc3,1
CCOC(=O)c1ncn2c1CN(C)C(=O)c3cc(F)ccc23,0
CCC(=C)C(=O)c1ccc(OCC(=O)O)c(Cl)c1Cl,0
OC(CCN1CCCCC1)(C2CCCCC2)c3ccccc3,0
CCN(CC)CCNC(=O)c1cc(Cl)c(N)cc1OC,1
CN[C@H]1CC[C@@H](c2ccc(Cl)c(Cl)c2)c3ccccc13,1
Clc1ccc2Oc3ccccc3N=C(N4CCNCC4)c2c1,0
CN\C(=C/[N+](=O)[O-])\NCCSCc1oc(CN(C)C)cc1,1
CCCN1C[C@H](CSC)C[C@H]2[C@H]1Cc3c[nH]c4cccc2c34,0
CCN(CCO)CCCC(C)Nc1ccnc2cc(Cl)ccc12,1
CO[C@]12[C@H]3N[C@H]3CN1C4=C([C@H]2COC(=O)N)C(=O)C(=C(C)C4=O)N,1
CN\C(=C/[N+](=O)[O-])\NCCSCc1csc(CN(C)C)n1,1
OC(=O)C1=CN(C2CC2)c3cc(N4CCNCC4)c(F)cc3C1=O,1
OC(=O)COc1ccc(C(=O)c2cccs2)c(Cl)c1Cl,1
C[C@]1(O)CC[C@H]2[C@@H]3CC[C@H]4Cc5[nH]ncc5C[C@]4(C)[C@H]3CC[C@]12C,1
COc1cc(C)c(\C=C\C(=C\C=C\C(=C\C(=O)O)\C)\C)c(C)c1C,1
Clc1ccc2N(CC3CC3)C(=O)CN=C(c4ccccc4)c2c1,1
CCCCC1C(=O)N(N(C1=O)c2ccc(O)cc2)c3ccccc3,1
CC(C)[C@H](N)C(=O)OCCOCn1cnc2C(=O)N=C(N)Nc12,1
CC(CN(C)C)CN1c2ccccc2Sc3ccc(cc13)C#N,1
Cc1ccc(cc1)S(=O)(=O)NC(=O)NN2CC3CCCC3C2,1
CCN(CC)CCCC(C)Nc1ccnc2cc(Cl)ccc12,1
CCN1C=C(C(=O)O)C(=O)c2cc(F)c(cc12)N3CCNCC3,1
CN(C)CCC(c1ccc(Br)cc1)c2ccccn2,0
C[C@H]1O[C@H](O[C@H]2[C@H](O)[C@@H](O)[C@@H](O[C@H]([C@H](O)CO)[C@H](O)[C@@H](O)C=O)O[C@@H]2CO)[C@H](O)[C@@H](O)[C@@H]1N[C@H]3C=C(CO)[C@@H](O)[C@H](O)[C@H]3O,1
CC(C)(C)NC[C@H](O)COc1nsnc1N2CCOCC2,0
Brc1ccc2NC(=O)CN=C(c3ccccn3)c2c1,1
[O-][N+](=O)c1ccc2NC(=O)CN=C(c3ccccc3Cl)c2c1,1
COc1ccc2C[C@H]3N(C)CC[C@@]45[C@@H](Oc1c24)C(=O)CC[C@@]35O,0
OC(=O)C1N=C(c2ccccc2)c3cc(Cl)ccc3NC1=O,0
CC(=O)O[C@H]1CC[C@@H]2[C@H]3CC[C@@]4(C)[C@@H](CC[C@@]4(OC(=O)C)C#C)[C@@H]3CCC2=C1,1
CC(=O)SCC(Cc1ccccc1)C(=O)NCC(=O)OCc2ccccc2,1
CCC(=O)N(c1ccccc1)C2(COC)CCN(CCc3cccs3)CC2,0
Fc1ccccc1C2=NCC(=S)N(CC(F)(F)F)c3ccc(Cl)cc23,0
CC(=O)O[C@H]1C[C@@H]2CC[C@@H]3[C@H](CC[C@@]4(C)[C@H]3C[C@@H]([C@@H]4OC(=O)C)[N+]5(C)CCCCC5)[C@@]2(C)C[C@@H]1N6CCCCC6,0
CN(CCCCCCCCCCN(C)C(=O)Oc1cccc(c1)[N+](C)(C)C)C(=O)Oc2cccc(c2)[N+](C)(C)C,1
COc1cccc2C(=O)c3c(O)c4C[C@](O)(C[C@H](O[C@H]5C[C@H](N)[C@@H](O)[C@H](C)O5)c4c(O)c3C(=O)c12)C(=O)CO,0
COc1cccc2C(=O)c3c(O)c4C[C@](O)(C[C@H](O[C@H]5C[C@H](N)[C@H](O)[C@H](C)O5)c4c(O)c3C(=O)c12)C(=O)CO,1
CC(=O)N1CCN(CC1)c2ccc(OCC3COC(Cn4ccnc4)(O3)c5ccc(Cl)cc5Cl)cc2,1
CCC(=O)OCC(=O)[C@@]1(OC(=O)CC)[C@@H](C)C[C@H]2[C@@H]3CCC4=CC(=O)C=C[C@]4(C)[C@@]3(Cl)[C@@H](O)C[C@]12C,0
CO[C@]1(NC(=O)C(C(=O)O)c2ccc(O)cc2)[C@H]3OCC(=C(N3C1=O)C(=O)O)CSc4nnnn4C,0
CCN1CCN(C(=O)N[C@@H](C(=O)N[C@H]2[C@H]3SC(C)(C)[C@@H](N3C2=O)C(=O)O)c4ccccc4)C(=O)C1=O,0
CCCCN(CCCC)CCC(O)c1cc2c(Cl)cc(Cl)cc2c3cc(ccc13)C(F)(F)F,1
COc1c(O[C@@H]2O[C@H](CO)[C@@H](O)[C@H](O)[C@H]2O)cc3CC[C@H](NC(=O)C)C4=CC(=O)C(=CC=C4c3c1OC)SC,1
CCOC(=O)[C@H](CCc1ccccc1)N[C@@H](C)C(=O)N2Cc3cc(OC)c(OC)cc3C[C@H]2C(=O)O,0
CO[C@]1(NC(=O)CSC(F)F)[C@H]2OCC(=C(N2C1=O)C(=O)O)CSc3nnnn3CCO,1
COCCOC(=O)C1=C(C)NC(=C(C1c2cccc(c2)[N+](=O)[O-])C(=O)OC\C=C\c3ccccc3)C,1
COC(=O)C1=C(C)NC(=C(C1c2cccc(c2)[N+](=O)[O-])C(=O)OCCN(C)Cc3ccccc3)C,0
CN(C)[C@H]1[C@@H]2C[C@H]3C(=C(O)c4c(O)ccc(Cl)c4[C@@]3(C)O)C(=O)[C@]2(O)C(=O)C(=C1O)C(=O)N,0
CN(C)C(=O)C(CCN1CCC(O)(CC1)c2ccc(Cl)cc2)(c3ccccc3)c4ccccc4,0
CCOC(=O)[C@H](CCc1ccccc1)N[C@H]2CS[C@@H](CN(CC(=O)O)C2=O)c3cccs3,1
CC(C)N=C1C=C2N(c3ccc(Cl)cc3)c4ccccc4N=C2C=C1Nc5ccc(Cl)cc5,1
CCC1=NN(CCCN2CCN(CC2)c3cccc(Cl)c3)C(=O)N1CCOc4ccccc4,1
CC(C)(C)c1ccc(cc1)C(=O)CCCN2CCC(CC2)OC(c3ccccc3)c4ccccc4,1
C[C@@H]1O[C@H](C[C@H](N)[C@@H]1O)O[C@H]2C[C@@](O)(Cc3c(O)c4C(=O)c5ccccc5C(=O)c4c(O)c23)C(=O)C,0
CCC(=O)OC(OP(=O)(CCCCc1ccccc1)CC(=O)N2C[C@@H](C[C@H]2C(=O)O)C3CCCCC3)C(C)C,1
CN[C@@H]1[C@@H](O)[C@@H](O[C@@H]2[C@@H](O)[C@H](O[C@H]3O[C@H](CN)[C@@H](O)[C@H](O)[C@H]3O)[C@@H](N)C[C@H]2NC(=O)[C@@H](O)CN)OC[C@]1(C)O,1
CN1C[C@@H](C=C2[C@H]1Cc3c[nH]c4cccc2c34)C(=O)N[C@]5(C)O[C@@]6(O)[C@@H]7CCCN7C(=O)[C@H](Cc8ccccc8)N6C5=O,0
[I-].[I-].[I-].CC[N+](CC)(CC)CCOc1cccc(OCC[N+](CC)(CC)CC)c1OCC[N+](CC)(CC)CC,0
OCC1OC(Oc2cccc3C(C4c5cccc(OC6OC(CO)C(O)C(O)C6O)c5C(=O)c7c(O)cc(cc47)C(=O)O)c8cc(cc(O)c8C(=O)c23)C(=O)O)C(O)C(O)C1O,1
CO[C@H]1\C=C\O[C@@]2(C)Oc3c(C)c(O)c4C(=O)C(=C5NC6(CCN(CC(C)C)CC6)N=C5c4c3C2=O)NC(=O)\C(=C/C=C/[C@H](C)[C@H](O)[C@@H](C)[C@@H](O)[C@@H](C)[C@H](OC(=O)C)[C@@H]1C)\C,1
CC[C@H]1OC(=O)[C@H](C)[C@@H](O[C@H]2C[C@@](C)(OC)[C@@H](O)[C@H](C)O2)[C@H](C)[C@@H](O[C@@H]3O[C@H](C)C[C@@H]([C@H]3O)N(C)C)[C@](C)(O)C[C@@H](C)\C(=N/OCOCCOC)\[C@H](C)[C@@H](O)[C@]1(C)O,1
CC[C@]1(O)C[C@H]2CN(CCc3c([nH]c4ccccc34)[C@@](C2)(C(=O)OC)c5cc6c(cc5OC)N(C=O)[C@H]7[C@](O)([C@H](OC(=O)C)[C@]8(CC)C=CCN9CC[C@]67[C@H]89)C(=O)OC)C1,1
CO[C@H]1\C=C\O[C@@]2(C)Oc3c(C)c(O)c4C(=C(NC(=O)\C(=C/C=C/[C@H](C)[C@H](O)[C@@H](C)[C@@H](O)[C@@H](C)[C@H](OC(=O)C)[C@@H]1C)\C)\C(=C/NN5CCN(C)CC5)\C(=O)c4c3C2=O)O,1
CO[C@H]1C[C@H](O[C@H]2[C@H](C)[C@@H](O[C@@H]3O[C@H](C)C[C@@H]([C@H]3OC(=O)C)N(C)C)[C@@H](C)C[C@@]4(CO4)C(=O)[C@H](C)[C@@H](OC(=O)C)[C@@H](C)[C@@H](C)OC(=O)[C@@H]2C)O[C@@H](C)[C@@H]1OC(=O)C,1
CSCC[C@H](NC(=O)[C@H](Cc1c[nH]c2ccccc12)NC(=O)CCNC(=O)OC(C)(C)C)C(=O)N[C@@H](CC(=O)O)C(=O)N[C@@H](Cc3ccccc3)C(=O)N,0
CC[C@]1(O)C[C@H]2CN(CCc3c([nH]c4ccccc34)[C@@](C2)(C(=O)OC)c5cc6c(cc5OC)N(C)[C@H]7[C@](O)([C@H](O)[C@]8(CC)C=CCN9CC[C@]67[C@H]89)C(=O)N)C1,1
CC[C@H]1OC(=O)[C@H](C)[C@@H](O[C@H]2C[C@@](C)(OC)[C@@H](O)[C@H](C)O2)[C@H](C)[C@@H](O[C@@H]3O[C@H](C)C[C@@H]([C@H]3O)N(C)C)[C@](C)(O)C[C@@H](C)CN(C)[C@H](C)[C@@H](O)[C@]1(C)O,1
CC[C@H]1OC(=O)[C@H](C)[C@@H](O[C@H]2C[C@@](C)(OC)[C@@H](O)[C@H](C)O2)[C@H](C)[C@@H](O[C@@H]3O[C@H](C)C[C@@H]([C@H]3O)N(C)C)[C@@](C)(C[C@@H](C)C(=O)[C@H](C)[C@@H](O)[C@]1(C)O)OC,1
CC(C)(C)NC(=O)[C@@H]1C[C@@H]2CCCC[C@@H]2CN1C[C@@H](O)[C@H](Cc3ccccc3)NC(=O)[C@H](CC(=O)N)NC(=O)c4ccc5ccccc5n4,1
COc1cc(cc(OC)c1O)[C@H]2[C@@H]3[C@H](COC3=O)[C@H](O[C@@H]4O[C@@H]5CO[C@H](O[C@H]5[C@H](O)[C@H]4O)c6cccs6)c7cc8OCOc8cc27,1
CC(C)C[C@@H]1N2C(=O)[C@](NC(=O)[C@H]3CN(C)[C@@H]4Cc5c(Br)[nH]c6cccc(C4=C3)c56)(O[C@@]2(O)[C@@H]7CCCN7C1=O)C(C)C,1
CCN1CCN(C(=O)NC(C(=O)N[C@H]2[C@H]3SCC(=C(N3C2=O)C(=O)O)CSc4nnnn4C)c5ccc(O)cc5)C(=O)C1=O,1
CCCCc1oc2ccccc2c1C(=O)c3cc(I)c(OCCN(CC)CC)c(I)c3,1
CC1(C)S[C@@H](N[C@H]1C(=O)O)C(NC(=O)Cc2ccccc2)C(=O)NCCCC[C@@H](N)C(=O)O.NCCCC[C@@H](N)C(=O)O,0
CO[C@@H]1[C@@H](OC(=O)N)[C@@H](O)[C@H](Oc2ccc3C(=C(NC(=O)c4ccc(O)c(CC=C(C)C)c4)C(=O)Oc3c2C)O)OC1(C)C,1
CO[C@H]1[C@@H](C[C@@H]2CN3CCc4c([nH]c5cc(OC)ccc45)[C@H]3C[C@@H]2[C@@H]1C(=O)OC)OC(=O)c6cc(OC)c(OC)c(OC)c6,0
CCCCNc1ccc(cc1)C(=O)OCCOCCOCCOCCOCCOCCOCCOCCOCCOC,1
COc1cc(cc(OC)c1O)[C@H]2[C@@H]3[C@H](COC3=O)[C@H](O[C@@H]4O[C@@H]5CO[C@@H](C)O[C@H]5[C@H](O)[C@H]4O)c6cc7OCOc7cc26,1
CO[C@]12CC[C@@]3(C[C@@H]1[C@](C)(O)C(C)(C)C)[C@H]4Cc5ccc(O)c6O[C@@H]2[C@]3(CCN4CC7CC7)c56,1
COc1ccc2C[C@@H]3[C@@H]4CCC(=O)[C@@H]5Oc1c2[C@]45CCN3C,0
CO[C@H]1CN(CCCOc2ccc(F)cc2)CC[C@H]1NC(=O)c3cc(Cl)c(N)cc3OC,0
CC1(C)S[C@@H]2[C@H](NC(=O)[C@H](NC(=O)N3CCNC3=O)c4ccccc4)C(=O)N2[C@H]1C(=O)O,0
CCOc1ccc2ccccc2c1C(=O)N[C@H]3[C@H]4SC(C)(C)[C@@H](N4C3=O)C(=O)O,1
CC(C)n1c(\C=C\[C@H](O)C[C@H](O)CC(=O)O)c(c2ccc(F)cc2)c3ccccc13,1
CC1=C(CCN2CCC(CC2)c3noc4cc(F)ccc34)C(=O)N5CCCCC5=N1,1
Nc1nc(cs1)\C(=C\CC(=O)O)\C(=O)N[C@H]2[C@H]3SCC=C(N3C2=O)C(=O)O,0
CCOC(=O)C1=C(COCCN)NC(=C(C1c2ccccc2Cl)C(=O)OC)C,1
COc1ccccc1OCCNCC(O)COc2cccc3[nH]c4ccccc4c23,1
NCCCC[C@H](N[C@@H](CCc1ccccc1)C(=O)O)C(=O)N2CCC[C@H]2C(=O)O,1
OCCN1CCN(CCCN2c3ccccc3Sc4ccc(Cl)cc24)CC1,1
CC(=O)OCC(=O)[C@@]1(O)CC[C@H]2[C@@H]3CCC4=CC(=O)CC[C@]4(C)[C@H]3C(=O)C[C@]12C,0
Clc1ccc(COC(Cn2ccnc2)c3ccc(Cl)cc3Cl)c(Cl)c1,0
NC(=O)C1CCN(CCCN2c3ccccc3Sc4ccc(Cl)cc24)CC1,1
[Br-].C[N+]1(C)[C@H]2CC(C[C@H]1C3OC23)OC(=O)[C@H](CO)c4ccccc4,0
CC(=O)OCC1=C(N2[C@H](SC1)[C@H](NC(=O)Cc3cccs3)C2=O)C(=O)O,1
Cc1nnc2CN=C(c3ccccc3Cl)c4cc(Br)sc4n12,1
OC(=O)CN(CCN(CC(=O)O)CC(=O)O)CCN(CC(=O)O)CC(=O)O,0
C\C=C\C1=C(N2[C@H](SC1)[C@H](NC(=O)[C@H](N)c3ccc(O)cc3)C2=O)C(=O)O,1
OC(=O)COCCN1CCN(CC1)C(c2ccccc2)c3ccc(Cl)cc3,1
COc1cc(cc(OC)c1OC)C(=O)NCc2ccc(OCCN(C)C)cc2,0
COC(=O)C1=C(C)NC(=C(C1c2ccccc2[N+](=O)[O-])C(=O)OCC(C)C)C,0
COc1cc2nc(nc(N)c2cc1OC)N3CCN(CC3)C(=O)C4CCCO4,0
[Br-].C[N+]1(C)CCC(C1)OC(=O)C(O)(C2CCCC2)c3ccccc3,0
CCOC(=O)[C@H](CCc1ccccc1)N[C@@H](C)C(=O)N2[C@H]3CCC[C@H]3C[C@H]2C(=O)O,1
CCN1N=NN(CCN2CCC(COC)(CC2)N(C(=O)CC)c3ccccc3)C1=O,0
COCCOC(=O)C1=C(C)NC(=C(C1c2cccc(c2)[N+](=O)[O-])C(=O)OC(C)C)C,0
CN(C)[C@H]1[C@@H]2C[C@@H]3Cc4c(ccc(O)c4C(=C3C(=O)[C@]2(O)C(=C(C(=O)N)C1=O)O)O)N(C)C,1
Cc1nnc(SCC2=C(N3[C@H](SC2)[C@H](NC(=O)Cn4cnnn4)C3=O)C(=O)O)s1,1
CN(Cc1cnc2nc(N)nc(N)c2n1)c3ccc(cc3)C(=O)N[C@@H](CCC(=O)O)C(=O)O,1
Nc1nc(cs1)\C(=N\OCC(=O)O)\C(=O)N[C@H]2[C@H]3SCC(=C(N3C2=O)C(=O)O)C=C,0
CCNC(=O)N(CCCN(C)C)C(=O)[C@@H]1C[C@H]2[C@@H](Cc3c[nH]c4cccc2c34)N(CC=C)C1,0
COc1cc2nc(nc(N)c2cc1OC)N3CCN(CC3)C(=O)C4COc5ccccc5O4,0
CC(C)CCC[C@@H](C)CCC[C@@H](C)CCC\C(=C\CC1=C(C)C(=O)c2ccccc2C1=O)\C,0
Cc1cnc(cn1)C(=O)NCCc2ccc(cc2)S(=O)(=O)NC(=O)NC3CCCCC3,1
C[C@@H]1[C@H]2[C@H](O)[C@H]3[C@H](N(C)C)C(=O)C(=C(O)[C@@]3(O)C(=O)C2=C(O)c4c(O)cccc14)C(=O)N,1
CC(=O)Oc1ccc(cc1)C2(C(=O)N(C(=O)C)c3ccccc23)c4ccc(OC(=O)C)cc4,1
NC1=NC(=O)c2nc(CNc3ccc(cc3)C(=O)N[C@@H](CCC(=O)O)C(=O)O)cnc2N1,0
CC(C)(C)C(=O)OCOC(=O)[C@@H]1N2[C@H](SC1(C)C)[C@H](N=CN3CCCCCC3)C2=O,1
CCOC(=O)[C@H](CCc1ccccc1)N[C@@H](C)C(=O)N2Cc3ccccc3C[C@H]2C(=O)O,1
OCCN1CCN(CC\C=C/2\c3ccccc3Sc4ccc(cc24)C(F)(F)F)CC1,1
CC(C)CCC[C@@H](C)CCC[C@@H](C)CCC[C@]1(C)CCc2c(C)c(O)c(C)c(C)c2O1,0
CC(O)(CS(=O)(=O)c1ccc(F)cc1)C(=O)Nc2ccc(C#N)c(c2)C(F)(F)F,1
COc1cccc(CCc2ccccc2OCC(CN(C)C)OC(=O)CCC(=O)O)c1,1
CCCCCCCCCC(=O)O[C@H]1CC[C@H]2[C@@H]3CCC4=CC(=O)CC[C@@H]4[C@H]3CC[C@]12C,1
COCC1=C(N2[C@H](SC1)[C@H](NC(=O)\C(=N/OC)\c3csc(N)n3)C2=O)C(=O)O,0
CC[C@H](C)C(=O)O[C@H]1C[C@H](O)C=C2C=C[C@H](C)[C@H](CC[C@@H](O)C[C@@H](O)CC(=O)O)[C@@H]12,1
CCC(C)(C)C(=O)O[C@H]1C[C@@H](C)C=C2C=C[C@H](C)[C@H](CC[C@@H]3C[C@@H](O)CC(=O)O3)[C@@H]12,1
Fc1ccc(cc1)C(CCCN2CCC(CC2)N3C(=O)Nc4ccccc34)c5ccc(F)cc5,0
C[C@@H](O)[C@@H]1[C@H]2CC(=C(N2C1=O)C(=O)O)SCCN=CN,1
CN(C)CC=C(c1ccc(Br)cc1)c2cccnc2,1
CC(C(=O)O)c1ccc2Sc3ccccc3C(=O)Cc2c1,1
Cc1ncc([N+](=O)[O-])n1CCO,1
NCC1(CC(=O)O)CCCCC1,1
CCC1(C(=O)NC(=O)N(C)C1=O)c2ccccc2,1
Cc1cc(cc(C)c1CC2=NCCN2)C(C)(C)C,1
Nc1ccc(cc1)S(=O)(=O)N,1
NC1=NC(=O)N(C=C1)[C@@H]2O[C@H](CO)[C@@H](O)[C@@H]2O,1
N[C@@H](CCCN=C(N)N)C(=O)O,0
CCOC(=O)C(C)(C)Oc1ccc(Cl)cc1,1
CC(C(=O)O)c1cccc(Oc2ccccc2)c1,1
Cc1cccc(Nc2ccccc2C(=O)O)c1C,1
COc1ccccc1OCC(O)COC(=O)N,0
CC(C)(C)NCC(O)c1ccc(O)c(CO)c1,0
OC[C@H](O)[C@H]1OC(=O)C(=C1O)O,0
CN1CC(c2ccccc2)c3cccc(N)c3C1,1
CCCC(C)C1(CC=C)C(=O)NC(=O)NC1=O,0
CN1CCCCC1C(=O)Nc2c(C)cccc2C,0
Clc1ccc2OC(=O)Nc2c1,1
Nc1ccc(cc1)S(=O)(=O)c2ccc(N)cc2,1
CC(C)NCC(O)COc1cccc2[nH]ccc12,0
OC(=O)c1ccccc1OC(=O)c2ccccc2O,1
Nc1ccc(C(=O)O)c(O)c1,1
CN1CC[C@]23CCCC[C@H]2[C@H]1Cc4ccc(O)cc34,0
CN(C)CCN(Cc1ccccc1)c2ccccn2,1
CN(CC#C)Cc1ccccc1,0
CC(C)N=C(N)N=C(N)Nc1ccc(Cl)cc1,0
C[C@H]1[C@@H](OCCN1C)c2ccccc2,0
NC(=O)OCC(COC(=O)N)c1ccccc1,1
Nc1nc(N)c2nc(c(N)nc2n1)c3ccccc3,1
O=C1NC(=O)C(N1)(c2ccccc2)c3ccccc3,1
NC1=NC(=S)c2[nH]cnc2N1,1
CC(C(=O)O)c1ccc(N2CC=CC2)c(Cl)c1,1
FC(F)OC(F)C(F)(F)F,1
Cc1ncc(CO)c(CO)c1O,0
NC[C@H](O)c1ccc(O)c(O)c1,0
NCCCC(O)(P(=O)(O)O)P(=O)(O)O,1
CC(C[N+](C)(C)C)OC(=O)N,0
CC(C)c1cccc(C(C)C)c1O,1
CC(C)NNC(=O)c1ccncc1,1
[O-][N+](=O)c1oc(\C=N\N2CC(=O)NC2=O)cc1,1
OC[C@@H](O)[C@@H](O)[C@H](O)[C@H](O)CO,0
[O-][N+](=O)OCCNC(=O)c1cccnc1,1
CN(C)c1nc(nc(n1)N(C)C)N(C)C,0
CNC[C@H](O)c1ccc(O)c(O)c1,0
CC1=CC(=O)N(O)C(=C1)C2CCCCC2,0
OCCN1C[C@H](O)[C@@H](O)[C@H](O)[C@H]1CO,0
CC(C)Cc1ccc(cc1)C(C)C(=O)O,1
CN1C(=O)N(C)c2nc[nH]c2C1=O,0
CCN(CC)C(C)C(=O)c1ccccc1,0
CC[C@@H](CO)NCCN[C@@H](CC)CO,1
C1CN2C[C@@H](N=C2S1)c3ccccc3,0
c1ccc2[nH]c(nc2c1)c3cscn3,1
CCN(CC)C(=O)N1CCN(C)CC1,1
C[C@H](Cc1ccccc1)N(C)CC#C,0
N[C@@H](Cc1ccc(O)c(O)c1)C(=O)O,0
C[C@](N)(Cc1ccc(O)cc1)C(=O)O,0
FC(F)OC(F)(F)C(F)Cl,1
NC(=O)c1ncn([C@@H]2O[C@H](CO)[C@@H](O)[C@H]2O)c1O,1
OC[C@H]1OC(O)[C@H](O)[C@@H](O)[C@@H]1O,0
NC1=NC(=O)N(C=C1)[C@H]2CC[C@@H](CO)O2,0
CNC1(CCCCC1=O)c2ccccc2Cl,1
NC(=O)N1c2ccccc2C=Cc3ccccc13,1
OC[C@@H]1CC[C@@H](O1)n2cnc3C(=O)N=CNc23,1
NCCC(O)(P(=O)(O)O)P(=O)(O)O,0
CCN(CC)CC(=O)Nc1c(C)cccc1C,0
COc1ccc2cc(ccc2c1)[C@H](C)C(=O)O,1
Clc1cccc(Cl)c1NC2=NCCN2,0
C[C@](N)(Cc1ccc(O)c(O)c1)C(=O)O,1
CC(CN(C)C)CN1c2ccccc2Sc3ccccc13,1
CC(N)COc1c(C)cccc1C,1
CC(=O)Nc1nnc(s1)S(=O)(=O)N,1
Cc1cc(C)cc(OCC2CNC(=O)O2)c1,1
Cl.Cl.NCCNCCNCCN,0
CCC1(C(=O)NCNC1=O)c2ccccc2,0
OC1C(O)C(O)C(O)C(O)C1O,0
COc1ccc(OC)c(c1)C(O)C(C)N,0
CC1=CN([C@@H]2O[C@H](CO)C=C2)C(=O)NC1=O,1
CC(C)(S)[C@@H](N)C(=O)O,1
Cc1onc(NS(=O)(=O)c2ccc(N)cc2)c1,1
CC(C)Cc1ccc(CC(=O)O)cc1,1
CC1OC(=O)CC(O)CC(O)CC(O)CCC(O)C(O)CC(=O)CC(O)C(C(O)CC(OC2O[C@H](C)[C@@H](O)[C@H](N)[C@@H]2O)\C=C\C=C\C=C\C=C\CC\C=C\C=C\C(C)C(O)C1C)C(=O)O,0
CC(C)C(=O)Nc1ccc(c(c1)C(F)(F)F)[N+](=O)[O-],1
Cc1cc(CC(=O)O)n(C)c1C(=O)c2ccc(Cl)cc2,0
Nc1ccc(cc1)S(=O)(=O)NC(=O)c2ccccc2,0
CC[C@H]1OC(=O)[C@H](C)[C@@H](O[C@H]2C[C@@](C)(OC)[C@@H](O)[C@H](C)O2)[C@H](C)[C@@H](O[C@@H]3O[C@H](C)C[C@@H]([C@H]3O)N(C)C)[C@](C)(O)C[C@@H](C)C(=O)[C@H](C)[C@@H](O)[C@]1(C)O,1
CN(C\C=C\C#CC(C)(C)C)Cc1cccc2ccccc12,1
CCCNC(=O)NS(=O)(=O)c1ccc(Cl)cc1,1
CN(C)CCC=C1c2ccccc2CCc3ccccc13,1
C(C(C1CCCCC1)C2CCCCC2)C3CCCCN3,1
C[C@]12CC[C@H]3[C@@H](CC[C@H]4CC(=O)CC[C@]34C)[C@@H]1CC[C@@H]2O,1
C[N+](C)(C)CC(=O)[O-],0
CC[C@H]1OC(=O)[C@H](C)[C@@H](O[C@H]2C[C@@](C)(OC)[C@@H](O)[C@H](C)O2)[C@H](C)[C@@H](O[C@@H]3O[C@H](C)C[C@@H]([C@H]3O)N(C)C)[C@](C)(O)C[C@@H](C)[C@@H]4N[C@@H](COCCOC)O[C@H]([C@H]4C)[C@]1(C)O,1
Oc1ccc(C(=O)c2cc(O)c(O)c(O)c2)c(O)c1O,1
NS(=O)(=O)c1cc2c(NC=NS2(=O)=O)cc1Cl,1
NC1=NC(=O)N(C[C@@H](CO)OCP(=O)(O)O)C=C1,0
CC(C(=O)O)c1ccc(s1)C(=O)c2ccccc2,1
CN1CCC(=C2c3ccccc3CCc4cccnc24)CC1,1
CC(=O)O[C@@]12CO[C@@H]1C[C@H](O)[C@]3(C)[C@@H]2[C@H](OC(=O)c4ccccc4)[C@]5(O)C[C@H](OC(=O)[C@H](O)[C@@H](NC(=O)OC(C)(C)C)c6ccccc6)C(=C([C@@H](O)C3=O)C5(C)C)C,1
CN1CC[C@@]23[C@H]4CCC(=O)[C@@H]2Oc5c(O)ccc(C[C@@H]14)c35,0
C[N+](C)(C)CCOC(=O)CCC(=O)OCC[N+](C)(C)C,0
CCCN(CCC)S(=O)(=O)c1ccc(cc1)C(=O)O,0
CCc1cccc2c3CCOC(CC)(CC(=O)O)c3[nH]c12,1
N[C@@H](Cc1cc(I)c(Oc2cc(I)c(O)c(I)c2)c(I)c1)C(=O)O,1
CCC1=C[C@@H]2CN(C1)Cc3c([nH]c4ccccc34)[C@@](C2)(C(=O)OC)c5cc6c(cc5OC)N(C)[C@H]7[C@@](O)([C@H](OC(=O)C)[C@]8(CC)C=CCN9CC[C@]67[C@H]89)C(=O)OC,0
C[C@H]1O[C@H](C[C@H](O)[C@@H]1O)O[C@H]2[C@@H](O)C[C@H](O[C@H]3[C@@H](O)C[C@H](O[C@H]4CC[C@@]5(C)[C@H](CC[C@@H]6[C@@H]5C[C@@H](O)[C@]7(C)[C@H](CC[C@]67O)C8=CC(=O)OC8)C4)O[C@@H]3C)O[C@@H]2C,0
OC(CCN1CCCC1)(C2CCCCC2)c3ccccc3,0
CO[C@@H]1C[C@@H](CC[C@H]1O)\C=C(/C)\[C@H]2OC(=O)[C@@H]3CCCCN3C(=O)C(=O)[C@]4(O)O[C@H]([C@H](C[C@@H](C)C\C(=C\[C@@H](CC=C)C(=O)C[C@H](O)[C@H]2C)\C)OC)[C@H](C[C@H]4C)OC,1
C[C@H](NCCc1ccc(O)cc1)[C@H](O)c2ccc(O)cc2,1
CC1(C)[C@H](CC[C@@]2(C)[C@H]1CC[C@]3(C)[C@@H]2C(=O)C=C4[C@@H]5C[C@](C)(CC[C@]5(C)CC[C@@]34C)C(=O)O)O[C@H]6O[C@@H]([C@@H](O)[C@H](O)[C@H]6O[C@@H]7O[C@@H]([C@@H](O)[C@H](O)[C@H]7O)C(=O)O)C(=O)O,1
CN(C)CCC=C1c2ccccc2C=Cc3ccccc13,1
CN1CCC(=C2c3ccccc3C=Cc4ccccc24)CC1,1
Nc1ncnc2c1ncn2[C@@H]3O[C@H](CO)[C@@H](O)[C@@H]3O,0
CCN(CC)C(=S)SSC(=S)N(CC)CC,1
CCCCNc1ccc(cc1)C(=O)OCCN(C)C,0
CNCCCC1c2ccccc2C=Cc3ccccc13,0
CNCCCN1c2ccccc2CCc3ccccc13,0
Nc1ncnc2c1ncn2[C@@H]3O[C@H](CO)[C@@H](O)[C@H]3O,0
CC(=O)Nc1cc(ccc1O)[As](=O)(O)O,1
ClCCNP1(=O)OCCCN1CCCl,1
CNCCc1ccccn1,1
CC(NN)c1ccccc1,1
NNC(=O)c1ccncc1,1
CCC(C)N1N=CN(C1=O)c2ccc(cc2)N3CCN(CC3)c4ccc(OC[C@H]5CO[C@@](Cn6cncn6)(O5)c7ccc(Cl)cc7Cl)cc4,1
CC(N)Cc1ccccc1,1
CC(C)[C@H](NC(=O)N(C)Cc1csc(n1)C(C)C)C(=O)N[C@H](C[C@H](O)[C@H](Cc2ccccc2)NC(=O)OCc3cncs3)Cc4ccccc4,1
NS(=O)(=O)c1cc2c(NCNS2(=O)=O)cc1Cl,1
CCc1ccc(cc1)C(C)CCc2ccc(cc2)[N+](C)(C)C,0
COc1ccc2C[C@H]3[C@H]4CCCC[C@@]4(CCN3C)c2c1,0
CN1C=CNC1=S,1
OC(=O)Cc1ccccc1Nc2c(Cl)cccc2Cl,1
Oc1cccc2cccnc12,1
CN(C)CCC(c1ccc(Cl)cc1)c2ccccn2,0
O=C(CCNNC(=O)c1ccncc1)NCc2ccccc2,1
OCC(O)CO,1
CN(C)CCOC(c1ccccc1)c2ccccc2C,0
C[C@@H]1O[C@@H]1P(=O)(O)O,1
CCOC(=O)C1(CCN(CCC(C#N)(c2ccccc2)c3ccccc3)CC1)c4ccccc4,0
OCCN1CCN(CCCN2c3ccccc3Sc4ccc(cc24)C(F)(F)F)CC1,0
NCCCCCC(=O)O,0
OC(=O)c1cccnc1,1
Cc1cc(Br)c(O)c2ncccc12,1
CCCC(C)C1(CC)C(=O)NC(=S)NC1=O,0
FC1=CNC(=O)NC1=O,1
COC1C(O)C(O)C(OCC2OC(OC3C(O)C(O)C(C)OC3CO)C(O)C(O)C2OC4OC(CO)C(OC)C(O)C4OCCO)OC1CO,0
Cn1nnnc1SCC2=C(N3[C@H](SC2)[C@H](NC(=O)[C@H](O)c4ccccc4)C3=O)C(=O)O,1
NC(=O)c1cnccn1,1
CN(Cc1ccc2NC(=NC(=O)c2c1)C)c3ccc(s3)C(=O)N[C@@H](CCC(=O)O)C(=O)O,1
CN(C)[C@H]1[C@@H]2[C@@H](O)[C@@H]3C(=C)c4cccc(O)c4C(=C3C(=O)[C@]2(O)C(=C(C(=O)N)C1=O)O)O,1
Cc1onc(c1C(=O)N[C@H]2[C@H]3SC(C)(C)[C@@H](N3C2=O)C(=O)O)c4c(Cl)cccc4Cl,1
OS(=O)(=O)c1ccc(C=C)cc1,0
CCC1(CCC(=O)NC1=O)c2ccc(N)cc2,0
CN(C)[C@H]1[C@@H]2C[C@H]3C(=C(O)c4c(O)cccc4[C@@]3(C)O)C(=O)[C@]2(O)C(=C(C(=O)N)C1=O)O,1
CSCC[C@H](N)C(=O)O,0
CC(C)Nc1ncccn1,1
COC(=O)C1=C(C)NC(=C(C1c2cccc(c2)[N+](=O)[O-])C(=O)OCCN3CCN(CC3)C(c4ccccc4)c5ccccc5)C,1
CC[N+](CC)(CCNC(=O)C(=O)NCC[N+](CC)(CC)Cc1ccccc1Cl)Cc2ccccc2Cl,0
C[N+](C)(C)CCOP(=O)([O-])OP(=O)(O)OC[C@H]1O[C@H]([C@H](O)[C@@H]1O)N2C=CC(=NC2=O)N,0
CN1C(=O)CC(C)(C1=O)c2ccccc2,0
NCC[C@H](O)C(=O)N[C@@H]1C[C@H](N)[C@@H](O[C@H]2O[C@H](CN)[C@@H](O)[C@H](O)[C@H]2O)[C@H](O)[C@H]1O[C@H]3O[C@H](CO)[C@@H](O)[C@H](N)[C@H]3O,0
CO\N=C(/C(=O)N[C@H]1[C@H]2SCC(=C(N2C1=O)C(=O)[O-])C[N+]3(C)CCCC3)\c4csc(N)n4,1
CC(C)(O\N=C(/C(=O)N[C@H]1[C@H]2SCC(=C(N2C1=O)C(=O)[O-])C[n+]3ccccc3)\c4csc(N)n4)C(=O)O,1
CC(COc1ccccc1)NN,1
CC(=O)N(O)CCCCCNC(=O)CCC(=O)N(O)CCCCCNC(=O)CCC(=O)N(O)CCCCCN,1
S=P(N1CC1)(N2CC2)N3CC3,1
Nc1ccc(O)c(c1)C(=O)O,1
CC(C)(N)Cc1ccccc1,1
CC(=O)O[C@H]1[C@H](C[C@H]2[C@@H]3CC[C@H]4C[C@H](O)[C@H](C[C@]4(C)[C@H]3CC[C@]12C)N5CCOCC5)[N+]6(CC=C)CCCC6,0
CN(C)C(=O)Oc1ccc[n+](C)c1,0
CN(C)CCn1nnnc1SCC2=C(N3[C@H](SC2)[C@H](NC(=O)Cc4csc(N)n4)C3=O)C(=O)O,1
O=C1N=CN=C2NNC=C12,1
CC(C)(C)c1ccc(cc1)C(O)CCCN2CCC(CC2)C(O)(c3ccccc3)c4ccccc4,0
OC(COc1cccc2OC(=CC(=O)c12)C(=O)O)COc3cccc4OC(=CC(=O)c34)C(=O)O,1
CO\N=C(/C(=O)N[C@H]1[C@H]2SCC(=C(N2C1=O)C(=O)O)COC(=O)C)\c3csc(N)n3,1
[O-][N+](=O)OCC(CO[N+](=O)[O-])O[N+](=O)[O-],0
CC(C)(C(=O)c1cccnc1)c2cccnc2,0
OCCN(C(=O)CO)c1c(I)c(C(=O)NCC(O)CO)c(I)c(C(=O)NCC(O)CO)c1I,0
CO[C@]1(NC(=O)CSCC#N)[C@H]2SCC(=C(N2C1=O)C(=O)O)CSc3nnnn3C,1
COc1ccc(CCN2CCC(CC2)Nc3nc4ccccc4n3Cc5ccc(F)cc5)cc1,0
CC(C)(C)NC(=O)[C@@H]1CN(Cc2cccnc2)CCN1C[C@@H](O)C[C@@H](Cc3ccccc3)C(=O)N[C@@H]4[C@H](O)Cc5ccccc45,0
CC(C)CC1(CC=C)C(=O)NC(=O)NC1=O,0
CC[C@]1(O)C[C@@H]2CN(CCc3c([nH]c4ccccc34)[C@@](C2)(C(=O)OC)c5cc6c(cc5OC)N(C)[C@H]7[C@](O)([C@H](OC(=O)C)[C@]8(CC)C=CCN9CC[C@]67[C@H]89)C(=O)OC)C1,0
CC(C)c1c(C(=O)Nc2ccccc2)c(c3ccccc3)c(c4ccc(F)cc4)n1CC[C@@H](O)C[C@@H](O)CC(=O)O,1
NC1=NC(=O)C(O1)c2ccccc2,1
CCC1(CCC(=O)NC1=O)c2ccccc2,1
NCCc1ccc(O)c(O)c1,0
C[C@@H]1OC(=O)C[C@H](O)C[C@H](O)CC[C@@H](O)[C@H](O)C[C@H](O)C[C@]2(O)C[C@H](O)[C@H]([C@H](C[C@@H](O[C@@H]3O[C@H](C)[C@@H](O)[C@H](N)[C@@H]3O)\C=C\C=C\C=C\C=C\C=C\C=C\C=C\[C@H](C)[C@@H](O)[C@H]1C)O2)C(=O)O,1
NC(=O)CN1CCCC1=O,1
CN[C@@H](C)Cc1ccccc1,0
CCC1(CCC(C)C)C(=O)NC(=O)NC1=O,0
OC[C@H]1O[C@H](C[C@@H]1O)N2C=C(F)C(=O)NC2=O,1
ClC(Cl)C(c1ccc(Cl)cc1)c2ccccc2Cl,0
OC[C@@H](NC(=O)C(Cl)Cl)[C@H](O)c1ccc(cc1)[N+](=O)[O-],0
Clc1cccc(c1)N2CCN(CCCN3N=C4C=CC=CN4C3=O)CC2,1
CNC(=O)Oc1ccc2N(C)[C@H]3N(C)CC[C@@]3(C)c2c1,0
CC(=O)[C@H]1CC[C@H]2[C@@H]3C=CC4=CC(=O)CC[C@@]4(C)[C@@H]3CC[C@]12C,1
C[C@]12CC[C@H]3[C@@H](CCc4cc(O)ccc34)[C@@H]1CC[C@@H]2O,1
Cc1ccc(cc1)S(=O)(=O)NC(=O)NN2CCCCCC2,1
Fc1ccc(cc1)[C@@H]2CCNC[C@H]2COc3ccc4OCOc4c3,1
CN1[C@@H]2CC[C@H]1CC(C2)OC(c3ccccc3)c4ccccc4,0
CCc1c(C)[nH]c2CCC(CN3CCOCC3)C(=O)c12,1
CC(C)NCC(O)COc1ccc(CCOCC2CC2)cc1,0
OC[C@H]1O[C@H](C[C@@H]1O)n2cnc3[C@H](O)CN=CNc23,1
Oc1ccc2c(Oc3cc(O)ccc3C24OC(=O)c5ccccc45)c1,0
NC(=Nc1nc(CSCCC(=NS(=O)(=O)N)N)cs1)N,1
C[C@]12Cc3cnoc3C=C1CC[C@@H]4[C@@H]2CC[C@@]5(C)[C@H]4CC[C@@]5(O)C#C,1
C[C@]1(O)CC[C@H]2[C@@H]3CCC4=CC(=O)CC[C@]4(C)[C@H]3CC[C@]12C,1
CCCC(C)(COC(=O)N)COC(=O)NC(C)C,0
CN1CC[C@]23[C@H]4Oc5c(O)ccc(C[C@@H]1[C@]2(O)CCC4=O)c35,0
OC[C@H]1O[C@@H](O[C@@H]2[C@@H](CO)O[C@](O)(CO)[C@H]2O)[C@H](O)[C@@H](O)[C@H]1O,0
O=C1CC2(CCCC2)CC(=O)N1CCCCN3CCN(CC3)c4ncccn4,0
COc1cc2CC(CC3CCN(Cc4ccccc4)CC3)C(=O)c2cc1OC,1
COCCCCC(=NOCCN)c1ccc(cc1)C(F)(F)F,0
CCC[C@H](N[C@@H](C)C(=O)N1[C@H]2CCCC[C@H]2C[C@H]1C(=O)O)C(=O)OCC,0
CC(=O)c1ccc(cc1)S(=O)(=O)NC(=O)NC2CCCCC2,1
CN1C(=O)C(O)N=C(c2ccccc2)c3cc(Cl)ccc13,0
OC[C@H]1O[C@@H](O[C@H]2[C@H](O)[C@@H](O)C(O)O[C@@H]2CO)[C@H](O)[C@@H](O)[C@H]1O,0
OC(=O)C1=C\C(=N/Nc2ccc(O)c(c2)C(=O)O)\C=CC1=O,1
CCN(CC)Cc1cc(Nc2ccnc3cc(Cl)ccc23)ccc1O,1
CCOC(=O)Nc1ccc(NCc2ccc(F)cc2)nc1N,1
O[C@H]1CC[C@@]2(O)[C@H]3Cc4ccc(O)c5O[C@@H]1[C@]2(CCN3CC6CCC6)c45,0
CCCC(=O)Nc1ccc(OCC(O)CNC(C)C)c(c1)C(=O)C,1
Cc1nnc2CN=C(c3ccccc3)c4cc(Cl)ccc4n12,1
CC1(C)SC2C(NC(=O)Cc3ccccc3)C(=O)N2C1C(=O)O,1
CC1(C)C[C@@H]1C(=O)N\C(=C/CCCCSC[C@H](N)C(=O)O)\C(=O)O,0
C[C@]12CC[C@H]3[C@@H](CCc4cc(O)ccc34)[C@@H]1C[C@@H](O)[C@@H]2O,1
CN1C(=C(O)c2ccccc2S1(=O)=O)C(=O)Nc3ccccn3,1
C[C@H]1COc2c(N3CCN(C)CC3)c(F)cc4C(=O)C(=CN1c24)C(=O)O,1
CN1CCN(CC1)C2=C3C=C(C)SC3=Nc4ccccc4N2,1
CC(CCc1ccccc1)NCC(O)c2ccc(O)c(c2)C(=O)N,1
C[C@]12CCC(=O)C=C1CC[C@H]3[C@@H]4CC[C@](O)(C(=O)CO)[C@@]4(C)C[C@H](O)[C@H]23,0
[O-][N+](=O)c1ccc(cc1)c2oc(\C=N\N3CC(=O)NC3=O)cc2,1
Cc1ncc2CN=C(c3ccccc3F)c4cc(Cl)ccc4n12,0
CCCCNc1cc(cc(c1Oc2ccccc2)S(=O)(=O)N)C(=O)O,0
CN1C(=O)CN=C(c2ccccc2)c3cc(Cl)ccc13,0
CN(C)CCCN1c2ccccc2CCc3ccc(Cl)cc13,1
Cc1nnc2CN=C(c3ccccc3Cl)c4cc(Cl)ccc4n12,0
C[C@]1(Cn2ccnn2)[C@@H](N3[C@@H](CC3=O)S1(=O)=O)C(=O)O,0
CCC(COC(=O)c1cc(OC)c(OC)c(OC)c1)(N(C)C)c2ccccc2,1
COC(=O)C1=C(C)NC(=C(C1c2ccccc2[N+](=O)[O-])C(=O)OC)C,1
CC(=O)OCC1=C(N2[C@H](SC1)[C@H](NC(=O)CSc3ccncc3)C2=O)C(=O)O,0
CC(C)(C)NCC(O)c1cc(O)cc(O)c1,1
NC1=NC(=O)c2ncn(COCCO)c2N1,1
CC1(C)C(C=C(Cl)Cl)C1C(=O)OCc2cccc(Oc3ccccc3)c2,0
CC(C)[C@@H](C)\C=C\[C@@H](C)[C@H]1CC[C@H]2\C(=C\C=C/3\C[C@@H](O)CCC3=C)\CCC[C@]12C,0
NCC(CC(=O)O)c1ccc(Cl)cc1,1
CC(C)CCC[C@@H](C)[C@H]1CC[C@H]2\C(=C\C=C/3\C[C@@H](O)C[C@H](O)C3=C)\CCC[C@]12C,1
CCCN(CCC)C(=O)Cc1c(nc2ccc(Cl)cn12)c3ccc(Cl)cc3,1
Clc1ccccc1CN2CCc3sccc3C2,1
COc1c(C)c2COC(=O)c2c(O)c1C\C=C(/C)\CCC(=O)OCCN3CCOCC3,1
COc1cccc(c1)[C@@]2(O)CCCC[C@@H]2CN(C)C,0
CN1CCN(CCCN2c3ccccc3Sc4ccc(cc24)C(F)(F)F)CC1,0
CCCCC(=O)N(Cc1ccc(cc1)c2ccccc2c3nn[nH]n3)[C@@H](C(C)C)C(=O)O,1
CN(C)CCOC(c1ccccc1)c2ccccc2,0
COc1ccc(OC)c(c1)C(O)CNC(=O)CN,0
CC(C(=O)O)c1cccc(c1)C(=O)c2ccccc2,1
CN1C(=O)N(C)c2ncn(CC(O)CO)c2C1=O,0
CN1CCOC(c2ccccc2)c3ccccc3C1,1
NC(=NC(=NCCc1ccccc1)N)N,1
CO[C@]1(NC(=O)Cc2cccs2)[C@H]3SCC(=C(N3C1=O)C(=O)O)COC(=O)N,0
N1c2ccccc2Sc3ccccc13,1
OC(=O)\C=C\c1ccc(Cn2ccnc2)cc1,1
CC(N)C(=O)Nc1c(C)cccc1C,1
CC(C)C(=O)c1c(nn2ccccc12)C(C)C,1
CCC(C1=C(O)c2ccccc2OC1=O)c3ccccc3,1
CN1CCN(CC1)C(=O)OC2N(C(=O)c3nccnc23)c4ccc(Cl)cn4,1
OC(=O)C1CCn2c1ccc2C(=O)c3ccccc3,1
CN=C(NCCSCc1nc[nH]c1C)NC#N,1
Clc1ccc2c(c1)C(=NCc3nncn23)c4ccccc4,0
CC1=C(Oc2c(cccc2C1=O)C(=O)OCCN3CCCCC3)c4ccccc4,0
Cc1ccc(C)c(OCCCC(C)(C)C(=O)O)c1,1
C[C@]12CC(=O)[C@H]3[C@@H](CCC4=CC(=O)C=C[C@]34C)[C@@H]1CC[C@]2(O)C(=O)CO,1
OC(=O)CCc1oc(c2ccccc2)c(n1)c3ccccc3,1
OC(=O)c1cc(ccc1O)c2ccc(F)cc2F,1
C[C@]12C[C@H](O)[C@H]3[C@@H](CCC4=CC(=O)C=C[C@]34C)[C@@H]1CC[C@]2(O)C(=O)CO,1
CN1[C@@H]2CC[C@H]1CC(C2)OC(=O)[C@H](CO)c3ccccc3,0
CC(=O)Oc1ccc(cc1)C(=C2CCCCC2)c3ccc(OC(=O)C)cc3,1
CC(C(=O)O)c1ccc(CC2CCCC2=O)cc1,1
N[C@@H](C(=O)N[C@H]1[C@H]2SCC(=C(N2C1=O)C(=O)O)Cl)c3ccccc3,1
CC(=O)O[C@@]1(CC[C@H]2[C@@H]3C=C(Cl)C4=CC(=O)CC[C@]4(C)[C@H]3CC[C@]12C)C(=O)C,1
C\C(=C/CO)\C=C\C=C(/C)\C=C\C1=C(C)CCCC1(C)C,1
CCN(CC)CCOc1ccc(cc1)C(=C(Cl)c2ccccc2)c3ccccc3,1
CCC(=O)N(c1ccccc1)C2(CCN(CCC(=O)OC)CC2)C(=O)OC,1
CC(CN1c2ccccc2Sc3ccccc13)N(C)C,1
[O-][N+](=O)c1ccc2NC(=O)CN=C(c3ccccc3)c2c1,1
CN(C)CCCN1c2ccccc2CCc3ccccc13,1
CCC1(C(=O)NC(=O)NC1=O)c2ccccc2,1
COc1ccc(CC2c3cc(OC)c(OC)cc3CC[N+]2(C)CCC(=O)OCCCCCOC(=O)CC[N+]4(C)CCc5cc(OC)c(OC)cc5C4Cc6ccc(OC)c(OC)c6)cc1OC,0
CCCCCN(C)CCC(O)(P(=O)(O)O)P(=O)(O)O,0
CCN1C=C(C(=O)O)C(=O)c2cc(F)c(N3CCNC(C)C3)c(F)c12,0
C[C@]12CC[C@H]3[C@@H](CC=C4C[C@@H](O)CC[C@]34C)[C@@H]1CC=C2c5cccnc5,1
C[C@@H](c1ncncc1F)[C@](O)(Cn2cncn2)c3ccc(F)cc3F,1
Cc1ccc(cc1)\C(=C/CN2CCCC2)\c3cccc(\C=C\C(=O)O)n3,0
COc1ccc(CC(C)NCC(O)c2ccc(O)c(NC=O)c2)cc1,0
CCCCCN=C(N)NN\C=C\1/C=Nc2ccc(OC)cc12,0
Oc1ccc2C[C@H]3N(CC4CC4)CC[C@@]56[C@@H](Oc1c25)C(=C)CC[C@@]36O,0
CC1(C)O[C@@H]2CO[C@@]3(COS(=O)(=O)N)OC(C)(C)O[C@H]3[C@@H]2O1,1
C[C@@H](NCCCc1cccc(c1)C(F)(F)F)c2cccc3ccccc23,0
NS(=O)(=O)c1cc(Cl)c(Cl)c(c1)S(=O)(=O)N,0
CN(C)CCc1c[nH]c2ccc(CS(=O)(=O)N3CCCC3)cc12,0
Nc1c(CC(=O)O)cccc1C(=O)c2ccc(Br)cc2,1
CC(=O)N[C@H]1[C@@H](OC(=C[C@@H]1N=C(N)N)C(=O)O)[C@H](O)[C@H](O)CO,0
Clc1ccc2C(=C3CCNCC3)c4ncccc4CCc2c1,1
CCOC(=O)C1=C[C@@H](OC(CC)CC)[C@H](NC(=O)C)[C@@H](N)C1,0
Clc1ccc(cc1)C(OCCN2CCCCC2)c3ccccc3,1
CS(=O)(=O)c1ccc(cc1)C2=C(C(=O)OC2)c3ccccc3,1
CC(C)N(CC[C@H](c1ccccc1)c2cc(C)ccc2O)C(C)C,0
CCN(C(=O)C)c1cccc(c1)c2ccnc3c(cnn23)C#N,0
FC(F)(F)[C@]1(OC(=O)Nc2ccc(Cl)cc12)C#CC3CC3,1
CN(CCOc1ccc(CC2SC(=O)NC2=O)cc1)c3ccccn3,1
Cc1ccc(cn1)c2ncc(Cl)cc2c3ccc(cc3)S(=O)(=O)C,1
CC(C)C[C@H](NC(=O)[C@H](Cc1ccccc1)NC(=O)c2cnccn2)B(O)O,1
CCCN(CCC)CCc1cccc2NC(=O)Cc12,1
CN(C)CC(c1ccc(O)cc1)C2(O)CCCCC2,1
COc1ccnc(CS(=O)c2nc3ccc(OC(F)F)cc3[nH]2)c1OC,1
Cc1ccnc2N(C3CC3)c4ncccc4C(=O)Nc12,1
Cc1ccc(cc1)c2cc(nn2c3ccc(cc3)S(=O)(=O)N)C(F)(F)F,1
Cc1oncc1C(=O)Nc2ccc(cc2)C(F)(F)F,1
Cc1nnc(NS(=O)(=O)c2ccc(N)cc2)s1,1
Cn1c(CCCC(=O)O)nc2cc(ccc12)N(CCCl)CCCl,0
CN(Cc1cc(Br)cc(Br)c1N)C2CCCCC2,1
Cc1ccsc1C(=CCCN2CCC[C@H](C2)C(=O)O)c3sccc3C,0
OC(=O)c1ccc(cc1)N2N\C(=C/3\C=CC=CC3=O)\N/C/2=C\4/C=CC=CC4=O,1
CN1C(=C(O)c2sc(Cl)cc2S1(=O)=O)C(=O)Nc3ccccn3,1
OC(Cc1cccnc1)(P(=O)(O)O)P(=O)(O)O,0
COc1ccc2CN(C)CC[C@@]34C=C[C@H](O)C[C@@H]3Oc1c24,0
CC#CCC(C)[C@H](O)\C=C\[C@H]1[C@H](O)C[C@@H]2C\C(=C/CCCC(=O)O)\C[C@H]12,1
COCCCOc1ccnc(CS(=O)c2nc3ccccc3[nH]2)c1C,1
CC(C)c1cccc(C(C)C)c1OCOP(=O)(O)O,1
Nc1ncnc2c1ncn2CCOCP(=O)(O)O,1
CCC(=O)NCC[C@@H]1CCc2ccc3OCCc3c12,0
O=C(OC1C[C@@H]2CC3C[C@H](C1)N2CC3=O)c4c[nH]c5ccccc45,0
CC(C)C1CCC(CC1)C(=O)N[C@H](Cc2ccccc2)C(=O)O,0
O=C1N(C[C@H]2CCCc3cccc1c23)[C@@H]4CN5CCC4CC5,0
CN1C(=C(O)c2ccccc2S1(=O)=O)C(=O)Nc3ncc(C)s3,1
C[C@]12CC[C@H]3[C@@H](CC(=C)C4=CC(=O)C=C[C@]34C)[C@@H]1CCC2=O,1
OC(=O)COC(=O)Cc1ccccc1Nc2c(Cl)cccc2Cl,1
CCc1ccc(CCOc2ccc(CC3SC(=O)NC3=O)cc2)nc1,1
Cc1[nH]cnc1CN2CCc3c(C2=O)c4ccccc4n3C,1
Cc1ccc(Nc2c(F)cccc2Cl)c(CC(=O)O)c1,1
CCCCCOC(=O)NC1=NC(=O)N(C=C1F)[C@@H]2O[C@H](C)[C@@H](O)[C@H]2O,0
COc1nc(N)nc2c1ncn2[C@@H]3O[C@H](CO)[C@@H](O)[C@@H]3O,1
CN(C)CCOC(c1ccc(Cl)cc1)c2ccccn2,0
C[C@]12CC[C@H]3[C@@H](CC=C4C[C@@H](O)CC[C@]34C)[C@@H]1CCC2=O,1
Cc1cc(\C=C\C#N)cc(C)c1Nc2ccnc(Nc3ccc(cc3)C#N)n2,1
CCCOC(C(=O)OC1CCN(C)CC1)(c2ccccc2)c3ccccc3,1
CN(C)CCc1c[nH]c2ccc(C[C@H]3COC(=O)N3)cc12,0
C[C@H](Cn1cnc2c(N)ncnc12)OCP(=O)(O)O,1
COC(=O)C1=C(C)NC(=C(C1c2cccc3nonc23)C(=O)OC(C)C)C,1
Nc1nc(NC2CC2)c3ncn([C@@H]4C[C@H](CO)C=C4)c3n1,1
O=C(O[C@H]1CN2CCC1CC2)N3CCc4ccccc4[C@@H]3c5ccccc5,0
CC(C)COc1ccc(cc1C#N)c2nc(C)c(s2)C(=O)O,1
Cc1cc2c(cc1C(=C)c3ccc(cc3)C(=O)O)C(C)(C)CCC2(C)C,1
CO[C@H]1O[C@@H]2O[C@@]3(C)CC[C@H]4[C@H](C)CC[C@@H]([C@H]1C)[C@@]24OO3,0
OP(=O)(O)C(Sc1ccc(Cl)cc1)P(=O)(O)O,0
C[C@H]1COc2c3N1C=C(C(=O)O)C(=O)c3cc(F)c2C4(N)CC4,1
N[C@H](C(=O)N1[C@@H](C[C@@H]2C[C@H]12)C#N)C34CC5CC(CC(O)(C5)C3)C4,0
Cc1onc(c2ccccc2)c1c3ccc(cc3)S(=O)(=O)N,1
CN(C)CCCC1(OCc2cc(ccc12)C#N)c3ccc(F)cc3,1
O=C(C1CCCCC1)N2CC3N(CCc4ccccc34)C(=O)C2,0
CCC(CC)[C@H](NC(=O)C)[C@@H]1[C@H](O)[C@H](C[C@H]1N=C(N)N)C(=O)O,1
CC(C)C(=O)OC(C)OC(=O)NCC1(CC(=O)O)CCCCC1,1
CNCC[C@H](Oc1cccc2ccccc12)c3cccs3,1
N[C@@H](CCC(=O)N[C@@H](CS)C(=O)NCC(=O)O)C(=O)O,1
C[C@]1(O)CC[C@H]2[C@@H]3CC[C@H]4CC(=O)OC[C@]4(C)[C@H]3CC[C@]12C,1
CNS(=O)(=O)CCc1ccc2[nH]cc(C3CCN(C)CC3)c2c1,0
Oc1ccc(cc1)C2CNCCc3c(Cl)c(O)c(O)cc23,0
CC(=O)NC[C@H]1CN(C(=O)O1)c2ccc(N3CCOCC3)c(F)c2,1
CCN(CC)C(=O)\C(=C\c1cc(O)c(O)c(c1)[N+](=O)[O-])\C#N,1
CN(C)CC\C=C/1\c2ccccc2COc3ccc(CC(=O)O)cc13,1
COc1ccc2C[C@@H]3[C@@H]4CC[C@H](O)[C@@H]5Oc1c2[C@]45CCN3C,1
CN1CCN(CC1)C(c2ccccc2)c3ccc(Cl)cc3,1
CC(=O)Oc1ccccc1C(=O)Nc2ncc(s2)[N+](=O)[O-],0
Nc1cccc2C(=O)N(Cc12)C3CCC(=O)NC3=O,1
O=C1CCC(N2C(=O)c3ccccc3C2=O)C(=O)N1,1
CNC(=O)c1ccccc1Sc2ccc3c(\C=C\c4ccccn4)n[nH]c3c2,1
COCC(=O)O[C@]1(CCN(C)CCCc2nc3ccccc3[nH]2)CCc4cc(F)ccc4[C@@H]1C(C)C,0
CN1CCN(Cc2ccc(cc2)C(=O)Nc3ccc(C)c(Nc4nccc(n4)c5cccnc5)c3)CC1,1
CCc1cc(ccn1)C(=S)N,1
CCC1=C(C)CN(C(=O)NCCc2ccc(cc2)S(=O)(=O)NC(=O)NC3CCC(C)CC3)C1=O,1
CNC1(C)C2CCC(C2)C1(C)C,0
CCCS(=O)(=O)Nc1ccc(F)c(C(=O)c2c[nH]c3ncc(cc23)c4ccc(Cl)cc4)c1F,1
CCCc1nc(C)c2C(=O)N=C(Nn12)c3cc(ccc3OCC)S(=O)(=O)N4CCN(CC)CC4,0
Cc1nc(Nc2ncc(s2)C(=O)Nc3c(C)cccc3Cl)cc(n1)N4CCN(CCO)CC4,1
Cc1nc2c(CCN(C(=O)c3ccc(NC(=O)c4ccccc4c5ccccc5)cc3)c6ccccc26)[nH]1,0
NC[C@H]1O[C@H](O[C@@H]2[C@@H](N)C[C@@H](N)[C@H](O[C@H]3O[C@H](CO)[C@@H](O)[C@H](N)[C@H]3O)[C@H]2O)[C@H](O)[C@@H](O)[C@@H]1O,0
CC1=NN(C(=O)C1)c2ccccc2,1
C[C@@H](O)[C@@H]1[C@H]2[C@@H](C)C(=C(N2C1=O)C(=O)O)S[C@@H]3CN[C@@H](C3)C(=O)Nc4cccc(c4)C(=O)O,0
N[C@@H](CSCCCO)C(=O)O,1
Cn1c(CNc2ccc(cc2)C(=N)N)nc3cc(ccc13)C(=O)N(CCC(=O)O)c4ccccn4,1
CC(N)C12CC3CC(CC(C3)C1)C2,0
CC(=O)NCCCS(=O)(=O)O,1
CNC(=O)c1cc(Oc2ccc(NC(=O)Nc3ccc(Cl)c(c3)C(F)(F)F)cc2)ccn1,1
C#CCN[C@@H]1CCc2ccccc12,0
CC(C)Nc1cccnc1N2CCN(CC2)C(=O)c3cc4cc(NS(=O)(=O)C)ccc4[nH]3,0
CC(C)(C(=O)O)c1ccc(cc1)C(O)CCCN2CCC(CC2)C(O)(c3ccccc3)c4ccccc4,0
O[C@@H]1CO[C@@H]2[C@@H](O)CO[C@H]12,1
CCC[C@H](NC(=O)[C@@H]1[C@H]2CCC[C@H]2CN1C(=O)[C@@H](NC(=O)[C@@H](NC(=O)c3cnccn3)C4CCCCC4)C(C)(C)C)C(=O)C(=O)NC5CC5,1
CO[C@H]1[C@@H](C[C@H](O)CN)O[C@H]2C[C@H]3O[C@@H](CC[C@@H]4O[C@@H](CC[C@@]56C[C@H]7O[C@@H]8[C@@H](O[C@H]9CC[C@H](CC(=O)C[C@H]12)O[C@@H]9[C@@H]8O5)[C@H]7O6)CC4=C)C[C@@H](C)C3=C,1
COC(=O)C1=C(C)NC(=C(C1c2cccc(c2)[N+](=O)[O-])C(=O)OC(C)(C)CN(C)CCC(c3ccccc3)c4ccccc4)C,1
CCC[C@@]1(CCc2ccccc2)CC(=C([C@H](CC)c3cccc(NS(=O)(=O)c4ccc(cn4)C(F)(F)F)c3)C(=O)O1)O,1
CC(C)(O)c1ccccc1CC[C@@H](SCC2(CC(=O)O)CC2)c3cccc(\C=C\c4ccc5ccc(Cl)cc5n4)c3,1
CN(C)[C@H]1[C@@H]2C[C@@H]3Cc4c(cc(NC(=O)CNC(C)(C)C)c(O)c4C(=C3C(=O)[C@]2(O)C(=C(C(=O)N)C1=O)O)O)N(C)C,0
CO[C@H]1\C=C\O[C@@]2(C)Oc3c(C)c(O)c4c(O)c(NC(=O)\C(=C/C=C/[C@H](C)[C@H](O)[C@@H](C)[C@@H](O)[C@@H](C)[C@H](OC(=O)C)[C@@H]1C)\C)c5c(nc6cc(C)ccn56)c4c3C2=O,0
CS(=O)(=O)CCNCc1oc(cc1)c2ccc3ncnc(Nc4ccc(OCc5cccc(F)c5)c(Cl)c4)c3c2,1
C[C@@H]1CCN([C@H](C1)C(=O)O)C(=O)[C@H](CCCN=C(N)N)NS(=O)(=O)c2cccc3C[C@@H](C)CNc23,0
CC[C@@H]1\C=C(/C)\C[C@H](C)C[C@H](OC)[C@H]2O[C@](O)([C@H](C)C[C@@H]2OC)C(=O)C(=O)N3CCCC[C@H]3C(=O)O[C@@H]([C@H](C)[C@@H](O)CC1=O)\C(=C\[C@@H]4CC[C@H](Cl)[C@@H](C4)OC)\C,1
C[C@H](N)C(=O)N[C@@H](C)C(=O)NC1[C@@H]2CN(C[C@H]12)c3nc4N(C=C(C(=O)O)C(=O)c4cc3F)c5ccc(F)cc5F,1
CO[C@H]1C[C@H]2OC[C@@]2(OC(=O)C)[C@H]3[C@H](OC(=O)c4ccccc4)[C@]5(O)C[C@H](OC(=O)[C@H](O)[C@@H](NC(=O)OC(C)(C)C)c6ccccc6)C(=C([C@@H](OC)C(=O)[C@]13C)C5(C)C)C,1
CCCCN(CCCC)CCCOc1ccc(cc1)C(=O)c2c(CCCC)oc3ccc(NS(=O)(=O)C)cc23,1
CO[C@@H]1C[C@H](C[C@@H](C)[C@@H]2CC(=O)[C@H](C)\C=C(/C)\[C@@H](O)[C@@H](OC)C(=O)[C@H](C)C[C@H](C)\C=C\C=C\C=C(/C)\[C@H](C[C@@H]3CC[C@@H](C)[C@@](O)(O3)C(=O)C(=O)N4CCCC[C@H]4C(=O)O2)OC)CC[C@H]1O,1
CO[C@@H]1C[C@H](C[C@@H](C)[C@@H]2CC(=O)[C@H](C)\C=C(/C)\[C@@H](O)[C@@H](OC)C(=O)[C@H](C)C[C@H](C)\C=C\C=C\C=C(/C)\[C@H](C[C@@H]3CC[C@@H](C)[C@@](O)(O3)C(=O)C(=O)N4CCCC[C@H]4C(=O)O2)OC)CC[C@H]1OCCO,0
C\C=C\1/NC(=O)[C@H]2CSSCC\C=C/[C@H](CC(=O)N[C@H](C(C)C)C(=O)N2)OC(=O)[C@@H](NC1=O)C(C)C,0
C[C@]12CC[C@H]3[C@@H](CC[C@H]4NC(=O)C=C[C@]34C)[C@@H]1CC[C@@H]2C(=O)Nc5cc(ccc5C(F)(F)F)C(F)(F)F,0
CC(C)c1nnc(C)n1C2C[C@H]3CC[C@@H](C2)N3CC[C@H](NC(=O)C4CCC(F)(F)CC4)c5ccccc5,1
CC[C@H]1OC(=O)[C@H](C)C(=O)[C@H](C)[C@@H](O[C@@H]2O[C@H](C)C[C@@H]([C@H]2O)N(C)C)[C@@](C)(C[C@@H](C)C(=O)[C@H](C)[C@H]3N(CCCCn4cnc(c4)c5cccnc5)C(=O)O[C@]13C)OC,1
CCCC(=O)OCOC(=O)C1=C(C)NC(=C(C1c2cccc(Cl)c2Cl)C(=O)OC)C,0
Cc1cc2OCOc2cc1CC(=O)c3sccc3S(=O)(=O)Nc4onc(C)c4Cl,1
C[C@@H](Oc1cc(cnc1N)c2cnn(c2)C3CCNCC3)c4c(Cl)ccc(F)c4Cl,1
CC1=CN([C@@H]2C[C@@H](O)[C@H](CO)O2)C(=O)NC1=O,0
N[C@@H](CC(=O)N1CCn2c(C1)nnc2C(F)(F)F)Cc3cc(F)c(F)cc3F,1
OC(CNCC(O)C1CCc2cc(F)ccc2O1)C3CCc4cc(F)ccc4O3,0
COc1c(N2C[C@@H]3CCCN[C@@H]3C2)c(F)cc4C(=O)C(=CN(C5CC5)c14)C(=O)O,1
CCN(CC)C(=O)[C@@]1(C[C@@H]1CN)c2ccccc2,1
NC1=NC(=O)N(C=C1F)[C@@H]2CS[C@H](CO)O2,0
CCS(=O)(=O)CCn1c(C)ncc1[N+](=O)[O-],1
CCN(CC)CCNC(=O)c1c(C)[nH]c(\C=C\2/C(=O)Nc3ccc(F)cc23)c1C,1
COc1nc(C)nc(Cl)c1NC2=NCCN2,1
C[N+]1(C)[C@@H]2CC(C[C@H]1[C@@H]3O[C@H]23)OC(=O)C(O)(c4cccs4)c5cccs5,0
NC(=O)N1c2ccccc2CC(=O)c3ccccc13,1
CNC(=O)c1cnn(c1)c2nc(N)c3ncn([C@@H]4O[C@H](CO)[C@@H](O)[C@H]4O)c3n2,0
COc1cc2nc(nc(N)c2cc1OC)N(C)CCCNC(=O)C3CCCO3,1
CO\N=C\1/CN(CC1CN)c2nc3N(C=C(C(=O)O)C(=O)c3cc2F)C4CC4,1
Clc1ccc2nsnc2c1NC3=NCCN3,1
CNCC[C@@H](Oc1ccccc1C)c2ccccc2,1
CCN(C)C(=O)Oc1cccc(c1)[C@H](C)N(C)C,1
O[C@@H](CC[C@@H]1[C@H](N(C1=O)c2ccc(F)cc2)c3ccc(O)cc3)c4ccc(F)cc4,1
Cl.CC(=O)Oc1cc2CN(CCc2s1)C(C(=O)C3CC3)c4ccccc4F,1
NC1[C@H]2CN(C[C@@H]12)c3nc4N(C=C(C(=O)O)C(=O)c4cc3F)c5ccc(F)cc5F,1
Cc1ccccc1C(=O)Nc2ccc(C(=O)N3CCC[C@@H](O)c4cc(Cl)ccc34)c(C)c2,1
COc1cc2ncnc(Nc3ccc(F)c(Cl)c3)c2cc1OCCCN4CCOCC4,1
CCCc1nc(c(C(=O)O)n1Cc2ccc(cc2)c3ccccc3c4nn[nH]n4)C(C)(C)O,0
CC1=C(N\N=C\2/C=CC=C(C2=O)c3cccc(c3)C(=O)O)C(=O)N(N1)c4ccc(C)c(C)c4,1
Cc1c(C)c2OC(C)(COc3ccc(CC4SC(=O)NC4=O)cc3)CCc2c(C)c1O,1
CN(c1ccc2c(C)n(C)nc2c1)c3ccnc(Nc4ccc(C)c(c4)S(=O)(=O)N)n3,1
[Br-].C[N+]1(CC2CC2)CC[C@]34[C@H]5Oc6c(O)ccc(C[C@@H]1[C@]3(O)CCC5=O)c46,0
C[C@H]1[C@H](NC(=O)\C(=N/OC(C)(C)C(=O)O)\c2csc([NH3+])n2)C(=O)N1S(=O)(=O)[O-],0
Cc1cc(cc(C)c1Oc2nc(Nc3ccc(cc3)C#N)nc(N)c2Br)C#N,1
O=C(CS(=O)Cc1occc1)NC\C=C/COc2cc(CN3CCCCC3)ccn2,1
CCCN[C@H]1CCc2nc(N)sc2C1,0
NS(=O)(=O)Cc1noc2ccccc12,1
N[C@@H]([C@H](O)c1ccc(O)c(O)c1)C(=O)O,1
CCCCC1=NC2(CCCC2)C(=O)N1Cc3ccc(cc3)c4ccccc4c5nn[nH]n5,1
COc1ccccc1OCC(O)CN2CCN(CC(=O)Nc3c(C)cccc3C)CC2,0
C[C@@H]1C[C@H]2[C@@H]3CCC4=CC(=O)C=C[C@]4(C)[C@@]3(Cl)[C@@H](O)C[C@]2(C)[C@@]1(O)C(=O)CCl,0
CCCCN1C[C@H](O)[C@@H](O)[C@H](O)[C@H]1CO,0
CC[C@H]([C@@H](C)CN(C)C)c1cccc(O)c1,0
N#Cc1ccc(cc1)C(c2ccc(cc2)C#N)n3cncn3,1
COC([C@H](Oc1nc(C)cc(C)n1)C(=O)O)(c2ccccc2)c3ccccc3,0
Cl.[Cl-].CCCCCCCCCCNCC=C.C[N+](C)(C)CCCCCCNCC=C.NCC=C.ClCC1CO1,0
CC\C=C(/C(=O)N[C@H]1[C@H]2SCC(=C(N2C1=O)C(=O)O)COC(=O)N)\c3csc(N)n3,1
CCOc1ccccc1OCCN[C@H](C)Cc2ccc(OC)c(c2)S(=O)(=O)N,1
Clc1ccc(s1)C(=O)NC[C@H]2CN(C(=O)O2)c3ccc(cc3)N4CCOCC4=O,1
N[C@H]1C(O)O[C@H](CO)[C@@H](O)[C@@H]1O,1
NC1=NC(=O)N(C=N1)[C@@H]2O[C@H](CO)[C@@H](O)[C@H]2O,0
CN[C@@H]1CCc2[nH]c3ccc(cc3c2C1)C(=O)N,0
CC1=C(N=Nc2cccc(c2O)c3cccc(c3)C(=O)O)C(=O)N(N1)c4ccc(C)c(C)c4.NCCO.NCCO,1
Cc1c(O)cccc1C(=O)N[C@@H](CSc2ccccc2)[C@H](O)CN3C[C@H]4CCCC[C@H]4C[C@H]3C(=O)NC(C)(C)C,1
ONC(=O)CCCCCCC(=O)Nc1ccccc1,0
C[C@H](O)[C@H](O)[C@H]1CNC2=C(N1)C(=O)N=C(N)N2,0
CC12CC3CC(C)(C1)CC(N)(C3)C2,1
CC[C@H](N1CCCC1=O)C(=O)N,1
CCCc1nn(C)c2C(=O)N=C(Nc12)c3cc(ccc3OCC)S(=O)(=O)N4CCN(C)CC4,1
CC(C)c1nc(nc(c2ccc(F)cc2)c1\C=C\[C@@H](O)C[C@@H](O)CC(=O)O)N(C)S(=O)(=O)C,1
CN1CCc2cccc3c2[C@H]1Cc4ccc(O)c(O)c34,0
CCOc1nc2cccc(C(=O)O)c2n1Cc3ccc(cc3)c4ccccc4c5nn[nH]n5,1
Oc1ccc(cc1)c2sc3cc(O)ccc3c2C(=O)c4ccc(OCCN5CCCCC5)cc4,0
CCOC(=O)CN[C@H](C1CCCCC1)C(=O)N2CC[C@H]2C(=O)NCc3ccc(cc3)\C(=N\O)\N,1
CC(C)C[C@H](CN)CC(=O)O,1
Nc1nc(cs1)\C(=N\O)\C(=O)N[C@H]2[C@H]3SCC(=C(N3C2=O)C(=O)O)C=C,1
CN(C)CCc1c[nH]c2ccc(Cn3cncn3)cc12,0
CN1C(CSCC(F)(F)F)Nc2cc(Cl)c(cc2S1(=O)=O)S(=O)(=O)N,0
CC(C)[C@H](N1CCCNC1=O)C(=O)N[C@H](C[C@H](O)[C@H](Cc2ccccc2)NC(=O)COc3c(C)cccc3C)Cc4ccccc4,1
COCCCOc1cc(C[C@@H](C[C@H](N)[C@@H](O)C[C@@H](C(C)C)C(=O)NCC(C)(C)C(=O)N)C(C)C)ccc1OC,1
CC(C)CN(C[C@@H](O)[C@H](Cc1ccccc1)NC(=O)O[C@H]2CO[C@H]3OCC[C@@H]23)S(=O)(=O)c4ccc(N)cc4,1
CC1=C(CCN2CCC(CC2)c3noc4cc(F)ccc34)C(=O)N5CCCC(O)C5=N1,0
CCCCc1ncc(\C=C(/Cc2cccs2)\C(=O)O)n1Cc3ccc(cc3)C(=O)O,0
C[C@H](Cc1cc2CCN(CCCO)c2c(c1)C(=O)N)NCCOc3ccccc3OCC(F)(F)F,0
CCCCCCCCCCC[C@@H](C[C@@H]1OC(=O)[C@H]1CCCCCC)OC(=O)[C@H](CC(C)C)NC=O,1
CS(=O)(=O)c1ccc(C(=O)Nc2ccc(Cl)c(c2)c3ccccn3)c(Cl)c1,1
CN1N=Nc2c(ncn2C1=O)C(=O)N,1
NC1=NCC2N1c3ccccc3Cc4ccccc24,1
C(N1CCCNCCNCCCNCC1)c2ccc(CN3CCCNCCNCCCNCC3)cc2,0
CO\N=C(/C(=O)N[C@H]1[C@H]2SCC(=C(N2C1=O)C(=O)O)\C=C/c3scnc3C)\c4csc(N)n4,0
COc1ccccc1Oc2c(NS(=O)(=O)c3ccc(cc3)C(C)(C)C)nc(nc2OCCO)c4ncccn4,1
NC(=O)C([C@@H]1CCN(CCc2ccc3OCCc3c2)C1)(c4ccccc4)c5ccccc5,0
FC(F)(F)C(F)(F)C(F)(F)F,0
CC(C)(C)NC(=O)N[C@H](C(=O)N1C[C@H]2[C@@H]([C@H]1C(=O)NC(CC3CCC3)C(=O)C(=O)N)C2(C)C)C(C)(C)C,1
Cc1ncc(COP(=O)(O)O)c(C=O)c1O,0
COC(=O)[C@@H]1CC2=CC(=O)CC[C@]2(C)[C@@]34O[C@@H]3C[C@@]5(C)[C@@H](CC[C@@]56CCC(=O)O6)[C@H]14,0
Clc1cc2NC(=O)Cc2cc1CCN3CCN(CC3)c4nsc5ccccc45,1
Clc1ccc(CCC(Cn2ccnc2)Sc3c(Cl)cccc3Cl)cc1,0
CC#C[C@]1(O)CC[C@H]2[C@@H]3CCC4=CC(=O)CCC4=C3[C@H](C[C@]12C)c5ccc(cc5)N(C)C,0
CC(C)N(CC[C@H](c1ccccc1)c2cc(CO)ccc2OC(=O)C(C)C)C(C)C,0
CCCc1nc2c(C)cc(cc2n1Cc3ccc(cc3)c4ccccc4C(=O)O)c5nc6ccccc6n5C,1
CCCCS(=O)(=O)N[C@@H](Cc1ccc(OCCCCC2CCNCC2)cc1)C(=O)O,0
COC(F)(F)C(Cl)Cl,1
C[C@H]1CN(C[C@H](Cc2ccccc2)C(=O)NCC(=O)O)CC[C@@]1(C)c3cccc(O)c3,0
CC(C)c1nc(CN(C)C(=O)N[C@@H](CCN2CCOCC2)C(=O)N[C@H](CC[C@H](Cc3ccccc3)NC(=O)OCc4cncs4)Cc5ccccc5)cs1,0
NCC=C.ClCC1CO1,0
CC[C@@H]([C@H](C)O)N1N=CN(C1=O)c2ccc(cc2)N3CCN(CC3)c4ccc(OC[C@@H]5CO[C@](Cn6cncn6)(C5)c7ccc(F)cc7F)cc4,0
COC(=O)N[C@H](C(=O)N[C@@H](Cc1ccccc1)[C@@H](O)CN(Cc2ccc(cc2)c3ccccn3)NC(=O)[C@@H](NC(=O)OC)C(C)(C)C)C(C)(C)C,1
CN1C(=O)C(=C(N=C1C(C)(C)NC(=O)c2oc(C)nn2)C(=O)NCc3ccc(F)cc3)O,1
NCC(=O)CCC(=O)O,1
Cc1ccc(cc1)C(=O)c2cc(O)c(O)c(c2)[N+](=O)[O-],1
CN1CCC[C@@H]1Cc2c[nH]c3ccc(CCS(=O)(=O)c4ccccc4)cc23,0
OCCOCCN1CCN(CC1)C2=Nc3ccccc3Sc4ccccc24,1
NC1=NC(=O)c2ncn([C@H]3C[C@H](O)[C@@H](CO)C3=C)c2N1,0
COCCOc1cc2ncnc(Nc3cccc(c3)C#C)c2cc1OCCOC,1
C[C@@H]1CC[C@H]2[C@@H](C)[C@H](OC(=O)CCC(=O)O)O[C@@H]3O[C@@]4(C)CC[C@@H]1[C@@]23OO4,1
COc1cc2c(CCN[C@]23CS[C@H]4[C@H]5[C@@H]6N(C)[C@@H](Cc7cc(C)c(OC)c(O)c67)[C@H](O)N5[C@@H](COC3=O)c8c9OCOc9c(C)c(OC(=O)C)c48)cc1O,1
COCc1c(nc(C(C)C)c(\C=C\[C@@H](O)C[C@@H](O)CC(=O)O)c1c2ccc(F)cc2)C(C)C,1
C[C@@H](NCC(C)(C)CN[C@H](C)\C(=N\O)\C)\C(=N\O)\C,0
NC(=O)CS(=O)C(c1ccccc1)c2ccccc2,1
CO[C@H]1\C=C\O[C@@]2(C)Oc3c(C)c(O)c4C(=C(NC(=O)\C(=C/C=C/[C@H](C)[C@H](O)[C@@H](C)[C@@H](O)[C@@H](C)[C@H](OC(=O)C)[C@@H]1C)\C)\C(=C/NN5CCN(CC5)C6CCCC6)\C(=O)c4c3C2=O)O,0
COc1ccc2[nH]cc(CCNC(=O)C)c2c1,0
C[C@H](N)C(=O)N[C@@H](C)C(=O)NC1[C@@H]2CN(C[C@H]12)c3nc4N(C=C(C(=O)O)C(=O)c4cc3F)c5ccc(F)cc5F.CS(=O)(=O)O,1
CCOc1cc(CC(=O)N[C@@H](CC(C)C)c2ccccc2N3CCCCC3)ccc1C(=O)O,1
OC(C(=O)OC1C[C@H]2CC[C@@H](C1)[N+]23CCCC3)(c4ccccc4)c5ccccc5,0
C1NC[C@H]2C[C@@H]1c3cc4nccnc4cc23,1
CCCCC(F)(F)[C@@]1(O)CC[C@@H]2[C@@H](CCCCCCC(=O)O)C(=O)C[C@H]2O1,0
OC(Cn1ccnc1)(P(=O)(O)O)P(=O)(O)O,1
OC(=O)P(=O)(O)O,0
Clc1cccc(N2CCN(CCCCOc3ccc4CCC(=O)Nc4c3)CC2)c1Cl,0
CN(CCOc1ccc(NS(=O)(=O)C)cc1)CCc2ccc(NS(=O)(=O)C)cc2,0
CC(C)CC(N(C)C)C1(CCC1)c2ccc(Cl)cc2,1
CN1CC(=O)N2[C@H](Cc3c([nH]c4ccccc34)[C@H]2c5ccc6OCOc6c5)C1=O,0
